Category,Variable,Measure,Value,Group
Incident of NMSC in 2005,0,1-4,0.07,National
Incident of NMSC in 2006,0.27,1-4,0.06,National
Incident of NMSC in 2007,0,1-4,0,National
Incident of NMSC in 2008,0.23,1-4,0.05,National
Incident of NMSC in 2009,0.16,1-4,0.04,National
Incident of NMSC in 2010,0,1-4,0.07,National
Incident of NMSC in 2011,0,1-4,0.09,National
Incident of NMSC in 2012,0.21,1-4,0.03,National
Incident of NMSC in 2013,0.05,1-4,0.08,National
Incident of NMSC in 2014,0,1-4,0.03,National
Incident of NMSC in 2015,0.03,1-4,0.07,National
Incident of NMSC in 2016,0.21,1-4,0.04,National
Incident of NMSC in 2017,0.06,1-4,0.09,National
Incident of NMSC in 2018,0.09,1-4,0.12,National
Incident of NMSC in 2018,0-,1-4,1-4,National
pop,328711,1-4,1499272,National
case of NMSC in 2005,0,1-4,1.0494904,National
pop,366806,1-4,1664935,National
case of NMSC in 2006,0.9903762,1-4,0.998961,National
pop,406298,1-4,1692059,National
case of NMSC in 2007,0,1-4,0,National
pop,435222,1-4,1873291,National
case of NMSC in 2008,1.0010106,1-4,0.9366455,National
pop,620042,1-4,2733157,National
case of NMSC in 2009,0.9920672,1-4,1.0932628,National
pop,1039937,1-4,4478478,National
case of NMSC in 2010,0,1-4,3.1349346,National
pop,1296974,1-4,5526014,National
case of NMSC in 2011,0,1-4,4.9734126,National
pop,1876699,1-4,7639169,National
case of NMSC in 2012,3.9410679,1-4,2.2917507,National
pop,2111613,1-4,8951470,National
case of NMSC in 2013,1.0558065,1-4,7.161176,National
pop,2814044,1-4,11790643,National
case of NMSC in 2014,0,1-4,3.5371929,National
pop,3019983,1-4,13723612,National
case of NMSC in 2015,0.9059949,1-4,9.6065284,National
pop,3815719,1-4,16507793,National
case of NMSC in 2016,8.0130099,1-4,6.6031172,National
pop,4653648,1-4,19735402,National
case of NMSC in 2017,2.7921888,1-4,17.7618618,National
pop,5351889,1-4,23931238,National
case of NMSC in 2018,4.8167001,1-4,28.7174856,National
Incident of NMSC in 2005,0,5-9,0,National
Incident of NMSC in 2006,0.27,5-9,0.04,National
Incident of NMSC in 2007,0,5-9,0.04,National
Incident of NMSC in 2008,0.23,5-9,0,National
Incident of NMSC in 2009,0.16,5-9,0.03,National
Incident of NMSC in 2010,0,5-9,0.04,National
Incident of NMSC in 2011,0,5-9,0.06,National
Incident of NMSC in 2012,0.21,5-9,0.06,National
Incident of NMSC in 2013,0.05,5-9,0.06,National
Incident of NMSC in 2014,0,5-9,0.07,National
Incident of NMSC in 2015,0.03,5-9,0.05,National
Incident of NMSC in 2016,0.21,5-9,0.08,National
Incident of NMSC in 2017,0.06,5-9,0.09,National
Incident of NMSC in 2018,0.09,5-9,0.11,National
Incident of NMSC in 2018,0-,5-9,5-9,National
pop,328711,5-9,2496876,National
case of NMSC in 2005,0,5-9,0,National
pop,366806,5-9,2554453,National
case of NMSC in 2006,0.9903762,5-9,1.0217812,National
pop,406298,5-9,2533898,National
case of NMSC in 2007,0,5-9,1.0135592,National
pop,435222,5-9,2562894,National
case of NMSC in 2008,1.0010106,5-9,0,National
pop,620042,5-9,3612024,National
case of NMSC in 2009,0.9920672,5-9,1.0836072,National
pop,1039937,5-9,5691873,National
case of NMSC in 2010,0,5-9,2.2767492,National
pop,1296974,5-9,6691064,National
case of NMSC in 2011,0,5-9,4.0146384,National
pop,1876699,5-9,8966889,National
case of NMSC in 2012,3.9410679,5-9,5.3801334,National
pop,2111613,5-9,10939492,National
case of NMSC in 2013,1.0558065,5-9,6.5636952,National
pop,2814044,5-9,14158817,National
case of NMSC in 2014,0,5-9,9.9111719,National
pop,3019983,5-9,16269160,National
case of NMSC in 2015,0.9059949,5-9,8.13458,National
pop,3815719,5-9,20027315,National
case of NMSC in 2016,8.0130099,5-9,16.021852,National
pop,4653648,5-9,24034832,National
case of NMSC in 2017,2.7921888,5-9,21.6313488,National
pop,5351889,5-9,28842375,National
case of NMSC in 2018,4.8167001,5-9,31.7266125,National
Incident of NMSC in 2005,0,10-14,0.03,National
Incident of NMSC in 2006,0.27,10-14,0.09,National
Incident of NMSC in 2007,0,10-14,0.12,National
Incident of NMSC in 2008,0.23,10-14,0.06,National
Incident of NMSC in 2009,0.16,10-14,0.11,National
Incident of NMSC in 2010,0,10-14,0.12,National
Incident of NMSC in 2011,0,10-14,0.09,National
Incident of NMSC in 2012,0.21,10-14,0.03,National
Incident of NMSC in 2013,0.05,10-14,0.08,National
Incident of NMSC in 2014,0,10-14,0.1,National
Incident of NMSC in 2015,0.03,10-14,0.11,National
Incident of NMSC in 2016,0.21,10-14,0.1,National
Incident of NMSC in 2017,0.06,10-14,0.12,National
Incident of NMSC in 2018,0.09,10-14,0.12,National
Incident of NMSC in 2018,0-,10-14,10-14,National
pop,328711,10-14,3308064,National
case of NMSC in 2005,0,10-14,0.9924192,National
pop,366806,10-14,3463714,National
case of NMSC in 2006,0.9903762,10-14,3.1173426,National
pop,406298,10-14,3380370,National
case of NMSC in 2007,0,10-14,4.056444,National
pop,435222,10-14,3429471,National
case of NMSC in 2008,1.0010106,10-14,2.0576826,National
pop,620042,10-14,4558667,National
case of NMSC in 2009,0.9920672,10-14,5.0145337,National
pop,1039937,10-14,6632136,National
case of NMSC in 2010,0,10-14,7.9585632,National
pop,1296974,10-14,7423553,National
case of NMSC in 2011,0,10-14,6.6811977,National
pop,1876699,10-14,9485568,National
case of NMSC in 2012,3.9410679,10-14,2.8456704,National
pop,2111613,10-14,10644355,National
case of NMSC in 2013,1.0558065,10-14,8.515484,National
pop,2814044,10-14,13477475,National
case of NMSC in 2014,0,10-14,13.477475,National
pop,3019983,10-14,14899753,National
case of NMSC in 2015,0.9059949,10-14,16.3897283,National
pop,3815719,10-14,18146881,National
case of NMSC in 2016,8.0130099,10-14,18.146881,National
pop,4653648,10-14,21588488,National
case of NMSC in 2017,2.7921888,10-14,25.9061856,National
pop,5351889,10-14,26591483,National
case of NMSC in 2018,4.8167001,10-14,31.9097796,National
Incident of NMSC in 2005,0,15-19,0.12,National
Incident of NMSC in 2006,0.27,15-19,0.18,National
Incident of NMSC in 2007,0,15-19,0.07,National
Incident of NMSC in 2008,0.23,15-19,0.26,National
Incident of NMSC in 2009,0.16,15-19,0.04,National
Incident of NMSC in 2010,0,15-19,0.08,National
Incident of NMSC in 2011,0,15-19,0.16,National
Incident of NMSC in 2012,0.21,15-19,0.1,National
Incident of NMSC in 2013,0.05,15-19,0.09,National
Incident of NMSC in 2014,0,15-19,0.15,National
Incident of NMSC in 2015,0.03,15-19,0.18,National
Incident of NMSC in 2016,0.21,15-19,0.14,National
Incident of NMSC in 2017,0.06,15-19,0.21,National
Incident of NMSC in 2018,0.09,15-19,0.19,National
Incident of NMSC in 2018,0-,15-19,15-19,National
pop,328711,15-19,4262016,National
case of NMSC in 2005,0,15-19,5.1144192,National
pop,366806,15-19,4346208,National
case of NMSC in 2006,0.9903762,15-19,7.8231744,National
pop,406298,15-19,4330107,National
case of NMSC in 2007,0,15-19,3.0310749,National
pop,435222,15-19,4303883,National
case of NMSC in 2008,1.0010106,15-19,11.1900958,National
pop,620042,15-19,5426773,National
case of NMSC in 2009,0.9920672,15-19,2.1707092,National
pop,1039937,15-19,7631685,National
case of NMSC in 2010,0,15-19,6.105348,National
pop,1296974,15-19,8822941,National
case of NMSC in 2011,0,15-19,14.1167056,National
pop,1876699,15-19,11949307,National
case of NMSC in 2012,3.9410679,15-19,11.949307,National
pop,2111613,15-19,13241576,National
case of NMSC in 2013,1.0558065,15-19,11.9174184,National
pop,2814044,15-19,16278953,National
case of NMSC in 2014,0,15-19,24.4184295,National
pop,3019983,15-19,17255204,National
case of NMSC in 2015,0.9059949,15-19,31.0593672,National
pop,3815719,15-19,20633230,National
case of NMSC in 2016,8.0130099,15-19,28.886522,National
pop,4653648,15-19,23266394,National
case of NMSC in 2017,2.7921888,15-19,48.8594274,National
pop,5351889,15-19,27727794,National
case of NMSC in 2018,4.8167001,15-19,52.6828086,National
Incident of NMSC in 2005,0,20-24,0.11,National
Incident of NMSC in 2006,0.27,20-24,0.1,National
Incident of NMSC in 2007,0,20-24,0.17,National
Incident of NMSC in 2008,0.23,20-24,0.2,National
Incident of NMSC in 2009,0.16,20-24,0.08,National
Incident of NMSC in 2010,0,20-24,0.17,National
Incident of NMSC in 2011,0,20-24,0.21,National
Incident of NMSC in 2012,0.21,20-24,0.19,National
Incident of NMSC in 2013,0.05,20-24,0.14,National
Incident of NMSC in 2014,0,20-24,0.18,National
Incident of NMSC in 2015,0.03,20-24,0.15,National
Incident of NMSC in 2016,0.21,20-24,0.15,National
Incident of NMSC in 2017,0.06,20-24,0.21,National
Incident of NMSC in 2018,0.09,20-24,0.17,National
Incident of NMSC in 2018,0-,20-24,20-24,National
pop,328711,20-24,4736635,National
case of NMSC in 2005,0,20-24,5.2102985,National
pop,366806,20-24,4986761,National
case of NMSC in 2006,0.9903762,20-24,4.986761,National
pop,406298,20-24,5241847,National
case of NMSC in 2007,0,20-24,8.9111399,National
pop,435222,20-24,5632792,National
case of NMSC in 2008,1.0010106,20-24,11.265584,National
pop,620042,20-24,7355399,National
case of NMSC in 2009,0.9920672,20-24,5.8843192,National
pop,1039937,20-24,10402751,National
case of NMSC in 2010,0,20-24,17.6846767,National
pop,1296974,20-24,11875975,National
case of NMSC in 2011,0,20-24,24.9395475,National
pop,1876699,20-24,16424691,National
case of NMSC in 2012,3.9410679,20-24,31.2069129,National
pop,2111613,20-24,17987676,National
case of NMSC in 2013,1.0558065,20-24,25.1827464,National
pop,2814044,20-24,22270337,National
case of NMSC in 2014,0,20-24,40.0866066,National
pop,3019983,20-24,23172769,National
case of NMSC in 2015,0.9059949,20-24,34.7591535,National
pop,3815719,20-24,26580417,National
case of NMSC in 2016,8.0130099,20-24,39.8706255,National
pop,4653648,20-24,29014896,National
case of NMSC in 2017,2.7921888,20-24,60.9312816,National
pop,5351889,20-24,34515110,National
case of NMSC in 2018,4.8167001,20-24,58.675687,National
Incident of NMSC in 2005,0,25-29,0.29,National
Incident of NMSC in 2006,0.27,25-29,0.32,National
Incident of NMSC in 2007,0,25-29,0.35,National
Incident of NMSC in 2008,0.23,25-29,0.27,National
Incident of NMSC in 2009,0.16,25-29,0.3,National
Incident of NMSC in 2010,0,25-29,0.24,National
Incident of NMSC in 2011,0,25-29,0.21,National
Incident of NMSC in 2012,0.21,25-29,0.28,National
Incident of NMSC in 2013,0.05,25-29,0.22,National
Incident of NMSC in 2014,0,25-29,0.23,National
Incident of NMSC in 2015,0.03,25-29,0.32,National
Incident of NMSC in 2016,0.21,25-29,0.32,National
Incident of NMSC in 2017,0.06,25-29,0.28,National
Incident of NMSC in 2018,0.09,25-29,0.3,National
Incident of NMSC in 2018,0-,25-29,25-29,National
pop,328711,25-29,4186010,National
case of NMSC in 2005,0,25-29,12.139429,National
pop,366806,25-29,4689395,National
case of NMSC in 2006,0.9903762,25-29,15.006064,National
pop,406298,25-29,4818883,National
case of NMSC in 2007,0,25-29,16.8660905,National
pop,435222,25-29,5472349,National
case of NMSC in 2008,1.0010106,25-29,14.7753423,National
pop,620042,25-29,7240893,National
case of NMSC in 2009,0.9920672,25-29,21.722679,National
pop,1039937,25-29,10258234,National
case of NMSC in 2010,0,25-29,24.6197616,National
pop,1296974,25-29,11926174,National
case of NMSC in 2011,0,25-29,25.0449654,National
pop,1876699,25-29,16149358,National
case of NMSC in 2012,3.9410679,25-29,45.2182024,National
pop,2111613,25-29,18225832,National
case of NMSC in 2013,1.0558065,25-29,40.0968304,National
pop,2814044,25-29,23654798,National
case of NMSC in 2014,0,25-29,54.4060354,National
pop,3019983,25-29,26646434,National
case of NMSC in 2015,0.9059949,25-29,85.2685888,National
pop,3815719,25-29,30491843,National
case of NMSC in 2016,8.0130099,25-29,97.5738976,National
pop,4653648,25-29,33333111,National
case of NMSC in 2017,2.7921888,25-29,93.3327108,National
pop,5351889,25-29,38605303,National
case of NMSC in 2018,4.8167001,25-29,115.815909,National
Incident of NMSC in 2005,0,30-34,0.28,National
Incident of NMSC in 2006,0.27,30-34,0.14,National
Incident of NMSC in 2007,0,30-34,0.36,National
Incident of NMSC in 2008,0.23,30-34,0.52,National
Incident of NMSC in 2009,0.16,30-34,0.36,National
Incident of NMSC in 2010,0,30-34,0.4,National
Incident of NMSC in 2011,0,30-34,0.27,National
Incident of NMSC in 2012,0.21,30-34,0.41,National
Incident of NMSC in 2013,0.05,30-34,0.41,National
Incident of NMSC in 2014,0,30-34,0.34,National
Incident of NMSC in 2015,0.03,30-34,0.39,National
Incident of NMSC in 2016,0.21,30-34,0.42,National
Incident of NMSC in 2017,0.06,30-34,0.45,National
Incident of NMSC in 2018,0.09,30-34,0.44,National
Incident of NMSC in 2018,0-,30-34,30-34,National
pop,328711,30-34,4567224,National
case of NMSC in 2005,0,30-34,12.7882272,National
pop,366806,30-34,4914363,National
case of NMSC in 2006,0.9903762,30-34,6.8801082,National
pop,406298,30-34,4701146,National
case of NMSC in 2007,0,30-34,16.9241256,National
pop,435222,30-34,5029723,National
case of NMSC in 2008,1.0010106,30-34,26.1545596,National
pop,620042,30-34,6644560,National
case of NMSC in 2009,0.9920672,30-34,23.920416,National
pop,1039937,30-34,9674312,National
case of NMSC in 2010,0,30-34,38.697248,National
pop,1296974,30-34,11344972,National
case of NMSC in 2011,0,30-34,30.6314244,National
pop,1876699,30-34,15419192,National
case of NMSC in 2012,3.9410679,30-34,63.2186872,National
pop,2111613,30-34,17225402,National
case of NMSC in 2013,1.0558065,30-34,70.6241482,National
pop,2814044,30-34,21777508,National
case of NMSC in 2014,0,30-34,74.0435272,National
pop,3019983,30-34,24318007,National
case of NMSC in 2015,0.9059949,30-34,94.8402273,National
pop,3815719,30-34,27908572,National
case of NMSC in 2016,8.0130099,30-34,117.2160024,National
pop,4653648,30-34,31957806,National
case of NMSC in 2017,2.7921888,30-34,143.810127,National
pop,5351889,30-34,38663141,National
case of NMSC in 2018,4.8167001,30-34,170.1178204,National
Incident of NMSC in 2005,0,35-39,0.64,National
Incident of NMSC in 2006,0.27,35-39,0.7,National
Incident of NMSC in 2007,0,35-39,0.55,National
Incident of NMSC in 2008,0.23,35-39,0.68,National
Incident of NMSC in 2009,0.16,35-39,0.44,National
Incident of NMSC in 2010,0,35-39,0.5,National
Incident of NMSC in 2011,0,35-39,0.64,National
Incident of NMSC in 2012,0.21,35-39,0.49,National
Incident of NMSC in 2013,0.05,35-39,0.58,National
Incident of NMSC in 2014,0,35-39,0.57,National
Incident of NMSC in 2015,0.03,35-39,0.6,National
Incident of NMSC in 2016,0.21,35-39,0.49,National
Incident of NMSC in 2017,0.06,35-39,0.55,National
Incident of NMSC in 2018,0.09,35-39,0.58,National
Incident of NMSC in 2018,0-,35-39,35-39,National
pop,328711,35-39,4658126,National
case of NMSC in 2005,0,35-39,29.8120064,National
pop,366806,35-39,5312157,National
case of NMSC in 2006,0.9903762,35-39,37.185099,National
pop,406298,35-39,5301698,National
case of NMSC in 2007,0,35-39,29.159339,National
pop,435222,35-39,5757160,National
case of NMSC in 2008,1.0010106,35-39,39.148688,National
pop,620042,35-39,7331681,National
case of NMSC in 2009,0.9920672,35-39,32.2593964,National
pop,1039937,35-39,10695580,National
case of NMSC in 2010,0,35-39,53.4779,National
pop,1296974,35-39,12182268,National
case of NMSC in 2011,0,35-39,77.9665152,National
pop,1876699,35-39,15927097,National
case of NMSC in 2012,3.9410679,35-39,78.0427753,National
pop,2111613,35-39,17688823,National
case of NMSC in 2013,1.0558065,35-39,102.5951734,National
pop,2814044,35-39,22178903,National
case of NMSC in 2014,0,35-39,126.4197471,National
pop,3019983,35-39,23980557,National
case of NMSC in 2015,0.9059949,35-39,143.883342,National
pop,3815719,35-39,29065165,National
case of NMSC in 2016,8.0130099,35-39,142.4193085,National
pop,4653648,35-39,33496246,National
case of NMSC in 2017,2.7921888,35-39,184.229353,National
pop,5351889,35-39,39956042,National
case of NMSC in 2018,4.8167001,35-39,231.7450436,National
Incident of NMSC in 2005,0,40-44,1.06,National
Incident of NMSC in 2006,0.27,40-44,1.22,National
Incident of NMSC in 2007,0,40-44,1.03,National
Incident of NMSC in 2008,0.23,40-44,0.9,National
Incident of NMSC in 2009,0.16,40-44,0.72,National
Incident of NMSC in 2010,0,40-44,0.86,National
Incident of NMSC in 2011,0,40-44,0.83,National
Incident of NMSC in 2012,0.21,40-44,0.85,National
Incident of NMSC in 2013,0.05,40-44,0.98,National
Incident of NMSC in 2014,0,40-44,0.82,National
Incident of NMSC in 2015,0.03,40-44,0.93,National
Incident of NMSC in 2016,0.21,40-44,0.82,National
Incident of NMSC in 2017,0.06,40-44,0.85,National
Incident of NMSC in 2018,0.09,40-44,0.79,National
Incident of NMSC in 2018,0-,40-44,40-44,National
pop,328711,40-44,5008480,National
case of NMSC in 2005,0,40-44,53.089888,National
pop,366806,40-44,5491492,National
case of NMSC in 2006,0.9903762,40-44,66.9962024,National
pop,406298,40-44,5365826,National
case of NMSC in 2007,0,40-44,55.2680078,National
pop,435222,40-44,5652071,National
case of NMSC in 2008,1.0010106,40-44,50.868639,National
pop,620042,40-44,7196705,National
case of NMSC in 2009,0.9920672,40-44,51.816276,National
pop,1039937,40-44,10837964,National
case of NMSC in 2010,0,40-44,93.2064904,National
pop,1296974,40-44,12759799,National
case of NMSC in 2011,0,40-44,105.9063317,National
pop,1876699,40-44,17829944,National
case of NMSC in 2012,3.9410679,40-44,151.554524,National
pop,2111613,40-44,20262762,National
case of NMSC in 2013,1.0558065,40-44,198.5750676,National
pop,2814044,40-44,25154963,National
case of NMSC in 2014,0,40-44,206.2706966,National
pop,3019983,40-44,27069161,National
case of NMSC in 2015,0.9059949,40-44,251.7431973,National
pop,3815719,40-44,31514690,National
case of NMSC in 2016,8.0130099,40-44,258.420458,National
pop,4653648,40-44,35065408,National
case of NMSC in 2017,2.7921888,40-44,298.055968,National
pop,5351889,40-44,41246056,National
case of NMSC in 2018,4.8167001,40-44,325.8438424,National
Incident of NMSC in 2005,0,45-49,1.45,National
Incident of NMSC in 2006,0.27,45-49,1.14,National
Incident of NMSC in 2007,0,45-49,1.44,National
Incident of NMSC in 2008,0.23,45-49,1.34,National
Incident of NMSC in 2009,0.16,45-49,1.1,National
Incident of NMSC in 2010,0,45-49,1.17,National
Incident of NMSC in 2011,0,45-49,1.19,National
Incident of NMSC in 2012,0.21,45-49,1.49,National
Incident of NMSC in 2013,0.05,45-49,1.16,National
Incident of NMSC in 2014,0,45-49,1.21,National
Incident of NMSC in 2015,0.03,45-49,1.31,National
Incident of NMSC in 2016,0.21,45-49,1.2,National
Incident of NMSC in 2017,0.06,45-49,1.34,National
Incident of NMSC in 2018,0.09,45-49,1.32,National
Incident of NMSC in 2018,0-,45-49,45-49,National
pop,328711,45-49,4842373,National
case of NMSC in 2005,0,45-49,70.2144085,National
pop,366806,45-49,5098023,National
case of NMSC in 2006,0.9903762,45-49,58.1174622,National
pop,406298,45-49,4920675,National
case of NMSC in 2007,0,45-49,70.85772,National
pop,435222,45-49,5690334,National
case of NMSC in 2008,1.0010106,45-49,76.2504756,National
pop,620042,45-49,7354331,National
case of NMSC in 2009,0.9920672,45-49,80.897641,National
pop,1039937,45-49,10700624,National
case of NMSC in 2010,0,45-49,125.1973008,National
pop,1296974,45-49,12629340,National
case of NMSC in 2011,0,45-49,150.289146,National
pop,1876699,45-49,17092061,National
case of NMSC in 2012,3.9410679,45-49,254.6717089,National
pop,2111613,45-49,19593179,National
case of NMSC in 2013,1.0558065,45-49,227.2808764,National
pop,2814044,45-49,24871943,National
case of NMSC in 2014,0,45-49,300.9505103,National
pop,3019983,45-49,28165992,National
case of NMSC in 2015,0.9059949,45-49,368.9744952,National
pop,3815719,45-49,34173467,National
case of NMSC in 2016,8.0130099,45-49,410.081604,National
pop,4653648,45-49,39300205,National
case of NMSC in 2017,2.7921888,45-49,526.622747,National
pop,5351889,45-49,46480021,National
case of NMSC in 2018,4.8167001,45-49,613.5362772,National
Incident of NMSC in 2005,0,50-54,1.81,National
Incident of NMSC in 2006,0.27,50-54,2.04,National
Incident of NMSC in 2007,0,50-54,2.22,National
Incident of NMSC in 2008,0.23,50-54,2.25,National
Incident of NMSC in 2009,0.16,50-54,1.76,National
Incident of NMSC in 2010,0,50-54,1.69,National
Incident of NMSC in 2011,0,50-54,1.87,National
Incident of NMSC in 2012,0.21,50-54,2.11,National
Incident of NMSC in 2013,0.05,50-54,1.76,National
Incident of NMSC in 2014,0,50-54,1.96,National
Incident of NMSC in 2015,0.03,50-54,1.93,National
Incident of NMSC in 2016,0.21,50-54,2.29,National
Incident of NMSC in 2017,0.06,50-54,2.31,National
Incident of NMSC in 2018,0.09,50-54,2.28,National
Incident of NMSC in 2018,0-,50-54,50-54,National
pop,328711,50-54,4093564,National
case of NMSC in 2005,0,50-54,74.0935084,National
pop,366806,50-54,4605257,National
case of NMSC in 2006,0.9903762,50-54,93.9472428,National
pop,406298,50-54,4694874,National
case of NMSC in 2007,0,50-54,104.2262028,National
pop,435222,50-54,5549035,National
case of NMSC in 2008,1.0010106,50-54,124.8532875,National
pop,620042,50-54,6638912,National
case of NMSC in 2009,0.9920672,50-54,116.8448512,National
pop,1039937,50-54,9271970,National
case of NMSC in 2010,0,50-54,156.696293,National
pop,1296974,50-54,10367143,National
case of NMSC in 2011,0,50-54,193.8655741,National
pop,1876699,50-54,13679936,National
case of NMSC in 2012,3.9410679,50-54,288.6466496,National
pop,2111613,50-54,15942076,National
case of NMSC in 2013,1.0558065,50-54,280.5805376,National
pop,2814044,50-54,20860587,National
case of NMSC in 2014,0,50-54,408.8675052,National
pop,3019983,50-54,24368121,National
case of NMSC in 2015,0.9059949,50-54,470.3047353,National
pop,3815719,50-54,28879966,National
case of NMSC in 2016,8.0130099,50-54,661.3512214,National
pop,4653648,50-54,32891678,National
case of NMSC in 2017,2.7921888,50-54,759.7977618,National
pop,5351889,50-54,39175921,National
case of NMSC in 2018,4.8167001,50-54,893.2109988,National
Incident of NMSC in 2005,0,55-59,2.99,National
Incident of NMSC in 2006,0.27,55-59,2.97,National
Incident of NMSC in 2007,0,55-59,3.13,National
Incident of NMSC in 2008,0.23,55-59,2.59,National
Incident of NMSC in 2009,0.16,55-59,2.77,National
Incident of NMSC in 2010,0,55-59,3.02,National
Incident of NMSC in 2011,0,55-59,3.14,National
Incident of NMSC in 2012,0.21,55-59,3.24,National
Incident of NMSC in 2013,0.05,55-59,2.96,National
Incident of NMSC in 2014,0,55-59,2.96,National
Incident of NMSC in 2015,0.03,55-59,3.08,National
Incident of NMSC in 2016,0.21,55-59,2.76,National
Incident of NMSC in 2017,0.06,55-59,2.56,National
Incident of NMSC in 2018,0.09,55-59,2.94,National
Incident of NMSC in 2018,0-,55-59,55-59,National
pop,328711,55-59,2840819,National
case of NMSC in 2005,0,55-59,84.9404881,National
pop,366806,55-59,3195320,National
case of NMSC in 2006,0.9903762,55-59,94.901004,National
pop,406298,55-59,3352967,National
case of NMSC in 2007,0,55-59,104.9478671,National
pop,435222,55-59,4144899,National
case of NMSC in 2008,1.0010106,55-59,107.3528841,National
pop,620042,55-59,5485661,National
case of NMSC in 2009,0.9920672,55-59,151.9528097,National
pop,1039937,55-59,8211844,National
case of NMSC in 2010,0,55-59,247.9976888,National
pop,1296974,55-59,10032914,National
case of NMSC in 2011,0,55-59,315.0334996,National
pop,1876699,55-59,14055861,National
case of NMSC in 2012,3.9410679,55-59,455.4098964,National
pop,2111613,55-59,16276706,National
case of NMSC in 2013,1.0558065,55-59,481.7904976,National
pop,2814044,55-59,19878526,National
case of NMSC in 2014,0,55-59,588.4043696,National
pop,3019983,55-59,21118676,National
case of NMSC in 2015,0.9059949,55-59,650.4552208,National
pop,3815719,55-59,24484064,National
case of NMSC in 2016,8.0130099,55-59,675.7601664,National
pop,4653648,55-59,27318505,National
case of NMSC in 2017,2.7921888,55-59,699.353728,National
pop,5351889,55-59,33671990,National
case of NMSC in 2018,4.8167001,55-59,989.956506,National
Incident of NMSC in 2005,0,60-64,4.69,National
Incident of NMSC in 2006,0.27,60-64,4.26,National
Incident of NMSC in 2007,0,60-64,4.29,National
Incident of NMSC in 2008,0.23,60-64,4.86,National
Incident of NMSC in 2009,0.16,60-64,4.42,National
Incident of NMSC in 2010,0,60-64,4.79,National
Incident of NMSC in 2011,0,60-64,4.76,National
Incident of NMSC in 2012,0.21,60-64,5.07,National
Incident of NMSC in 2013,0.05,60-64,4.49,National
Incident of NMSC in 2014,0,60-64,5.08,National
Incident of NMSC in 2015,0.03,60-64,4.64,National
Incident of NMSC in 2016,0.21,60-64,4.86,National
Incident of NMSC in 2017,0.06,60-64,4.94,National
Incident of NMSC in 2018,0.09,60-64,5.22,National
Incident of NMSC in 2018,0-,60-64,60-64,National
pop,328711,60-64,2109422,National
case of NMSC in 2005,0,60-64,98.9318918,National
pop,366806,60-64,2369247,National
case of NMSC in 2006,0.9903762,60-64,100.9299222,National
pop,406298,60-64,2472038,National
case of NMSC in 2007,0,60-64,106.0504302,National
pop,435222,60-64,2983245,National
case of NMSC in 2008,1.0010106,60-64,144.985707,National
pop,620042,60-64,3916364,National
case of NMSC in 2009,0.9920672,60-64,173.1032888,National
pop,1039937,60-64,5800088,National
case of NMSC in 2010,0,60-64,277.8242152,National
pop,1296974,60-64,7114395,National
case of NMSC in 2011,0,60-64,338.645202,National
pop,1876699,60-64,10112526,National
case of NMSC in 2012,3.9410679,60-64,512.7050682,National
pop,2111613,60-64,12229639,National
case of NMSC in 2013,1.0558065,60-64,549.1107911,National
pop,2814044,60-64,16141504,National
case of NMSC in 2014,0,60-64,819.9884032,National
pop,3019983,60-64,18741286,National
case of NMSC in 2015,0.9059949,60-64,869.5956704,National
pop,3815719,60-64,22818464,National
case of NMSC in 2016,8.0130099,60-64,1108.9773504,National
pop,4653648,60-64,26394347,National
case of NMSC in 2017,2.7921888,60-64,1303.8807418,National
pop,5351889,60-64,31384128,National
case of NMSC in 2018,4.8167001,60-64,1638.2514816,National
Incident of NMSC in 2005,0,65-69,6.39,National
Incident of NMSC in 2006,0.27,65-69,5.72,National
Incident of NMSC in 2007,0,65-69,6.02,National
Incident of NMSC in 2008,0.23,65-69,6.3,National
Incident of NMSC in 2009,0.16,65-69,5.93,National
Incident of NMSC in 2010,0,65-69,5.77,National
Incident of NMSC in 2011,0,65-69,6.67,National
Incident of NMSC in 2012,0.21,65-69,7.27,National
Incident of NMSC in 2013,0.05,65-69,6.28,National
Incident of NMSC in 2014,0,65-69,6.75,National
Incident of NMSC in 2015,0.03,65-69,6.76,National
Incident of NMSC in 2016,0.21,65-69,6.98,National
Incident of NMSC in 2017,0.06,65-69,7.13,National
Incident of NMSC in 2018,0.09,65-69,7.64,National
Incident of NMSC in 2018,0-,65-69,65-69,National
pop,328711,65-69,2049628,National
case of NMSC in 2005,0,65-69,130.9712292,National
pop,366806,65-69,2184071,National
case of NMSC in 2006,0.9903762,65-69,124.9288612,National
pop,406298,65-69,2158312,National
case of NMSC in 2007,0,65-69,129.9303824,National
pop,435222,65-69,2334053,National
case of NMSC in 2008,1.0010106,65-69,147.045339,National
pop,620042,65-69,2951001,National
case of NMSC in 2009,0.9920672,65-69,174.9943593,National
pop,1039937,65-69,4226310,National
case of NMSC in 2010,0,65-69,243.858087,National
pop,1296974,65-69,5113489,National
case of NMSC in 2011,0,65-69,341.0697163,National
pop,1876699,65-69,7040979,National
case of NMSC in 2012,3.9410679,65-69,511.8791733,National
pop,2111613,65-69,8413853,National
case of NMSC in 2013,1.0558065,65-69,528.3899684,National
pop,2814044,65-69,11185605,National
case of NMSC in 2014,0,65-69,755.0283375,National
pop,3019983,65-69,13102481,National
case of NMSC in 2015,0.9059949,65-69,885.7277156,National
pop,3815719,65-69,16408891,National
case of NMSC in 2016,8.0130099,65-69,1145.3405918,National
pop,4653648,65-69,19479486,National
case of NMSC in 2017,2.7921888,65-69,1388.8873518,National
pop,5351889,65-69,24472174,National
case of NMSC in 2018,4.8167001,65-69,1869.6740936,National
Incident of NMSC in 2005,0,70-74,9.43,National
Incident of NMSC in 2006,0.27,70-74,10.71,National
Incident of NMSC in 2007,0,70-74,9.81,National
Incident of NMSC in 2008,0.23,70-74,12.74,National
Incident of NMSC in 2009,0.16,70-74,9.57,National
Incident of NMSC in 2010,0,70-74,8.58,National
Incident of NMSC in 2011,0,70-74,10.38,National
Incident of NMSC in 2012,0.21,70-74,8.99,National
Incident of NMSC in 2013,0.05,70-74,8.93,National
Incident of NMSC in 2014,0,70-74,9.73,National
Incident of NMSC in 2015,0.03,70-74,9.86,National
Incident of NMSC in 2016,0.21,70-74,9.95,National
Incident of NMSC in 2017,0.06,70-74,10.39,National
Incident of NMSC in 2018,0.09,70-74,11.61,National
Incident of NMSC in 2018,0-,70-74,70-74,National
pop,328711,70-74,1781580,National
case of NMSC in 2005,0,70-74,168.002994,National
pop,366806,70-74,1951450,National
case of NMSC in 2006,0.9903762,70-74,209.000295,National
pop,406298,70-74,1967923,National
case of NMSC in 2007,0,70-74,193.0532463,National
pop,435222,70-74,2213476,National
case of NMSC in 2008,1.0010106,70-74,281.9968424,National
pop,620042,70-74,2623699,National
case of NMSC in 2009,0.9920672,70-74,251.0879943,National
pop,1039937,70-74,3660461,National
case of NMSC in 2010,0,70-74,314.0675538,National
pop,1296974,70-74,4191455,National
case of NMSC in 2011,0,70-74,435.073029,National
pop,1876699,70-74,5563404,National
case of NMSC in 2012,3.9410679,70-74,500.1500196,National
pop,2111613,70-74,6396462,National
case of NMSC in 2013,1.0558065,70-74,571.2040566,National
pop,2814044,70-74,8198251,National
case of NMSC in 2014,0,70-74,797.6898223,National
pop,3019983,70-74,9531954,National
case of NMSC in 2015,0.9059949,70-74,939.8506644,National
pop,3815719,70-74,11537525,National
case of NMSC in 2016,8.0130099,70-74,1147.9837375,National
pop,4653648,70-74,13536013,National
case of NMSC in 2017,2.7921888,70-74,1406.3917507,National
pop,5351889,70-74,16823799,National
case of NMSC in 2018,4.8167001,70-74,1953.2430639,National
Incident of NMSC in 2005,0,75-79,15.11,National
Incident of NMSC in 2006,0.27,75-79,14.15,National
Incident of NMSC in 2007,0,75-79,14.43,National
Incident of NMSC in 2008,0.23,75-79,16.02,National
Incident of NMSC in 2009,0.16,75-79,14.36,National
Incident of NMSC in 2010,0,75-79,12.99,National
Incident of NMSC in 2011,0,75-79,14.46,National
Incident of NMSC in 2012,0.21,75-79,14.27,National
Incident of NMSC in 2013,0.05,75-79,14.39,National
Incident of NMSC in 2014,0,75-79,13.89,National
Incident of NMSC in 2015,0.03,75-79,14.27,National
Incident of NMSC in 2016,0.21,75-79,14.76,National
Incident of NMSC in 2017,0.06,75-79,14.21,National
Incident of NMSC in 2018,0.09,75-79,15.6,National
Incident of NMSC in 2018,0-,75-79,75-79,National
pop,328711,75-79,1164872,National
case of NMSC in 2005,0,75-79,176.0121592,National
pop,366806,75-79,1286489,National
case of NMSC in 2006,0.9903762,75-79,182.0381935,National
pop,406298,75-79,1316812,National
case of NMSC in 2007,0,75-79,190.0159716,National
pop,435222,75-79,1616957,National
case of NMSC in 2008,1.0010106,75-79,259.0365114,National
pop,620042,75-79,1984938,National
case of NMSC in 2009,0.9920672,75-79,285.0370968,National
pop,1039937,75-79,2856613,National
case of NMSC in 2010,0,75-79,371.0740287,National
pop,1296974,75-79,3369063,National
case of NMSC in 2011,0,75-79,487.1665098,National
pop,1876699,75-79,4541419,National
case of NMSC in 2012,3.9410679,75-79,648.0604913,National
pop,2111613,75-79,5227037,National
case of NMSC in 2013,1.0558065,75-79,752.1706243,National
pop,2814044,75-79,6623616,National
case of NMSC in 2014,0,75-79,920.0202624,National
pop,3019983,75-79,7359252,National
case of NMSC in 2015,0.9059949,75-79,1050.1652604,National
pop,3815719,75-79,8712937,National
case of NMSC in 2016,8.0130099,75-79,1286.0295012,National
pop,4653648,75-79,9963871,National
case of NMSC in 2017,2.7921888,75-79,1415.8660691,National
pop,5351889,75-79,11984179,National
case of NMSC in 2018,4.8167001,75-79,1869.531924,National
Incident of NMSC in 2005,0,80-84,15.43,National
Incident of NMSC in 2006,0.27,80-84,22.95,National
Incident of NMSC in 2007,0,80-84,20.91,National
Incident of NMSC in 2008,0.23,80-84,19.74,National
Incident of NMSC in 2009,0.16,80-84,20.59,National
Incident of NMSC in 2010,0,80-84,20.1,National
Incident of NMSC in 2011,0,80-84,21.34,National
Incident of NMSC in 2012,0.21,80-84,20.47,National
Incident of NMSC in 2013,0.05,80-84,19.26,National
Incident of NMSC in 2014,0,80-84,20.52,National
Incident of NMSC in 2015,0.03,80-84,19.7,National
Incident of NMSC in 2016,0.21,80-84,20.84,National
Incident of NMSC in 2017,0.06,80-84,22.21,National
Incident of NMSC in 2018,0.09,80-84,23.33,National
Incident of NMSC in 2018,0-,80-84,80-84,National
pop,328711,80-84,628448,National
case of NMSC in 2005,0,80-84,96.9695264,National
pop,366806,80-84,692922,National
case of NMSC in 2006,0.9903762,80-84,159.025599,National
pop,406298,80-84,731771,National
case of NMSC in 2007,0,80-84,153.0133161,National
pop,435222,80-84,911879,National
case of NMSC in 2008,1.0010106,80-84,180.0049146,National
pop,620042,80-84,1121727,National
case of NMSC in 2009,0.9920672,80-84,230.9635893,National
pop,1039937,80-84,1626951,National
case of NMSC in 2010,0,80-84,327.017151,National
pop,1296974,80-84,1939748,National
case of NMSC in 2011,0,80-84,413.9422232,National
pop,1876699,80-84,2697064,National
case of NMSC in 2012,3.9410679,80-84,552.0890008,National
pop,2111613,80-84,3176953,National
case of NMSC in 2013,1.0558065,80-84,611.8811478,National
pop,2814044,80-84,4220840,National
case of NMSC in 2014,0,80-84,866.116368,National
pop,3019983,80-84,4867545,National
case of NMSC in 2015,0.9059949,80-84,958.906365,National
pop,3815719,80-84,5872725,National
case of NMSC in 2016,8.0130099,80-84,1223.87589,National
pop,4653648,80-84,6726575,National
case of NMSC in 2017,2.7921888,80-84,1493.9723075,National
pop,5351889,80-84,8101104,National
case of NMSC in 2018,4.8167001,80-84,1889.9875632,National
Incident of NMSC in 2005,0,85+,20.47,National
Incident of NMSC in 2006,0.27,85+,32.72,National
Incident of NMSC in 2007,0,85+,30.82,National
Incident of NMSC in 2008,0.23,85+,30.77,National
Incident of NMSC in 2009,0.16,85+,24.33,National
Incident of NMSC in 2010,0,85+,23.35,National
Incident of NMSC in 2011,0,85+,28.74,National
Incident of NMSC in 2012,0.21,85+,27.92,National
Incident of NMSC in 2013,0.05,85+,25.87,National
Incident of NMSC in 2014,0,85+,26.9,National
Incident of NMSC in 2015,0.03,85+,28.13,National
Incident of NMSC in 2016,0.21,85+,28.23,National
Incident of NMSC in 2017,0.06,85+,30.31,National
Incident of NMSC in 2018,0.09,85+,33.9,National
Incident of NMSC in 2018,0-,85+,85+,National
pop,328711,85+,361567,National
case of NMSC in 2005,0,85+,74.0127649,National
pop,366806,85+,394259,National
case of NMSC in 2006,0.9903762,85+,129.0015448,National
pop,406298,85+,421807,National
case of NMSC in 2007,0,85+,130.0009174,National
pop,435222,85+,546050,National
case of NMSC in 2008,1.0010106,85+,168.019585,National
pop,620042,85+,673988,National
case of NMSC in 2009,0.9920672,85+,163.9812804,National
pop,1039937,85+,955124,National
case of NMSC in 2010,0,85+,223.021454,National
pop,1296974,85+,1141190,National
case of NMSC in 2011,0,85+,327.978006,National
pop,1876699,85+,1615242,National
case of NMSC in 2012,3.9410679,85+,450.9755664,National
pop,2111613,85+,1963784,National
case of NMSC in 2013,1.0558065,85+,508.0309208,National
pop,2814044,85+,2706034,National
case of NMSC in 2014,0,85+,727.923146,National
pop,3019983,85+,3305902,National
case of NMSC in 2015,0.9059949,85+,929.9502326,National
pop,3815719,85+,3985758,National
case of NMSC in 2016,8.0130099,85+,1125.1794834,National
pop,4653648,85+,4580044,National
case of NMSC in 2017,2.7921888,85+,1388.2113364,National
pop,5351889,85+,5636502,National
case of NMSC in 2018,4.8167001,85+,1910.774178,National
Incident of NMSC in 2005,0,1-4,0,Male
Incident of NMSC in 2006,0.52,1-4,0,Male
Incident of NMSC in 2007,0,1-4,0,Male
Incident of NMSC in 2008,0,1-4,0.1,Male
Incident of NMSC in 2009,0.31,1-4,0,Male
Incident of NMSC in 2010,0,1-4,0.08,Male
Incident of NMSC in 2011,0,1-4,0.1,Male
Incident of NMSC in 2012,0.2,1-4,0.05,Male
Incident of NMSC in 2013,0.09,1-4,0.1,Male
Incident of NMSC in 2014,0,1-4,0.03,Male
Incident of NMSC in 2015,0.06,1-4,0.1,Male
Incident of NMSC in 2016,0.2,1-4,0.05,Male
Incident of NMSC in 2017,0,1-4,0.1,Male
Incident of NMSC in 2018,0.07,1-4,0.07,Male
Incident of NMSC in 2018,0-,1-4,1-4,Male
pop,173406,1-4,795080,Male
case of NMSC in 2005,0,1-4,0,Male
pop,192243,1-4,879471,Male
case of NMSC in 2006,0.9996636,1-4,0,Male
pop,214585,1-4,894983,Male
case of NMSC in 2007,0,1-4,0,Male
pop,230304,1-4,988089,Male
case of NMSC in 2008,0,1-4,0.988089,Male
pop,327151,1-4,1444017,Male
case of NMSC in 2009,1.0141681,1-4,0,Male
pop,553502,1-4,2381653,Male
case of NMSC in 2010,0,1-4,1.9053224,Male
pop,684618,1-4,2936828,Male
case of NMSC in 2011,0,1-4,2.936828,Male
pop,994252,1-4,4074266,Male
case of NMSC in 2012,1.988504,1-4,2.037133,Male
pop,1120183,1-4,4793423,Male
case of NMSC in 2013,1.0081647,1-4,4.793423,Male
pop,1492182,1-4,6311799,Male
case of NMSC in 2014,0,1-4,1.8935397,Male
pop,1603833,1-4,7337612,Male
case of NMSC in 2015,0.9622998,1-4,7.337612,Male
pop,2027078,1-4,8826047,Male
case of NMSC in 2016,4.054156,1-4,4.4130235,Male
pop,2465356,1-4,10544615,Male
case of NMSC in 2017,0,1-4,10.544615,Male
pop,2831943,1-4,12729464,Male
case of NMSC in 2018,1.9823601,1-4,8.9106248,Male
Incident of NMSC in 2005,0,5-9,0,Male
Incident of NMSC in 2006,0.52,5-9,0,Male
Incident of NMSC in 2007,0,5-9,0,Male
Incident of NMSC in 2008,0,5-9,0,Male
Incident of NMSC in 2009,0.31,5-9,0.05,Male
Incident of NMSC in 2010,0,5-9,0.07,Male
Incident of NMSC in 2011,0,5-9,0.06,Male
Incident of NMSC in 2012,0.2,5-9,0.08,Male
Incident of NMSC in 2013,0.09,5-9,0.07,Male
Incident of NMSC in 2014,0,5-9,0.04,Male
Incident of NMSC in 2015,0.06,5-9,0.07,Male
Incident of NMSC in 2016,0.2,5-9,0.09,Male
Incident of NMSC in 2017,0,5-9,0.09,Male
Incident of NMSC in 2018,0.07,5-9,0.15,Male
Incident of NMSC in 2018,0-,5-9,5-9,Male
pop,173406,5-9,1315532,Male
case of NMSC in 2005,0,5-9,0,Male
pop,192243,5-9,1343415,Male
case of NMSC in 2006,0.9996636,5-9,0,Male
pop,214585,5-9,1333850,Male
case of NMSC in 2007,0,5-9,0,Male
pop,230304,5-9,1347405,Male
case of NMSC in 2008,0,5-9,0,Male
pop,327151,5-9,1900139,Male
case of NMSC in 2009,1.0141681,5-9,0.9500695,Male
pop,553502,5-9,3024624,Male
case of NMSC in 2010,0,5-9,2.1172368,Male
pop,684618,5-9,3538965,Male
case of NMSC in 2011,0,5-9,2.123379,Male
pop,994252,5-9,4762697,Male
case of NMSC in 2012,1.988504,5-9,3.8101576,Male
pop,1120183,5-9,5806795,Male
case of NMSC in 2013,1.0081647,5-9,4.0647565,Male
pop,1492182,5-9,7508364,Male
case of NMSC in 2014,0,5-9,3.0033456,Male
pop,1603833,5-9,8628305,Male
case of NMSC in 2015,0.9622998,5-9,6.0398135,Male
pop,2027078,5-9,10617166,Male
case of NMSC in 2016,4.054156,5-9,9.5554494,Male
pop,2465356,5-9,12744732,Male
case of NMSC in 2017,0,5-9,11.4702588,Male
pop,2831943,5-9,15279403,Male
case of NMSC in 2018,1.9823601,5-9,22.9191045,Male
Incident of NMSC in 2005,0,10-14,0.06,Male
Incident of NMSC in 2006,0.52,10-14,0,Male
Incident of NMSC in 2007,0,10-14,0,Male
Incident of NMSC in 2008,0,10-14,0,Male
Incident of NMSC in 2009,0.31,10-14,0.08,Male
Incident of NMSC in 2010,0,10-14,0.09,Male
Incident of NMSC in 2011,0,10-14,0.15,Male
Incident of NMSC in 2012,0.2,10-14,0.04,Male
Incident of NMSC in 2013,0.09,10-14,0.09,Male
Incident of NMSC in 2014,0,10-14,0.08,Male
Incident of NMSC in 2015,0.06,10-14,0.08,Male
Incident of NMSC in 2016,0.2,10-14,0.08,Male
Incident of NMSC in 2017,0,10-14,0.1,Male
Incident of NMSC in 2018,0.07,10-14,0.15,Male
Incident of NMSC in 2018,0-,10-14,10-14,Male
pop,173406,10-14,1717937,Male
case of NMSC in 2005,0,10-14,1.0307622,Male
pop,192243,10-14,1796678,Male
case of NMSC in 2006,0.9996636,10-14,0,Male
pop,214585,10-14,1761150,Male
case of NMSC in 2007,0,10-14,0,Male
pop,230304,10-14,1783907,Male
case of NMSC in 2008,0,10-14,0,Male
pop,327151,10-14,2379996,Male
case of NMSC in 2009,1.0141681,10-14,1.9039968,Male
pop,553502,10-14,3502563,Male
case of NMSC in 2010,0,10-14,3.1523067,Male
pop,684618,10-14,3921585,Male
case of NMSC in 2011,0,10-14,5.8823775,Male
pop,994252,10-14,5062836,Male
case of NMSC in 2012,1.988504,10-14,2.0251344,Male
pop,1120183,10-14,5683922,Male
case of NMSC in 2013,1.0081647,10-14,5.1155298,Male
pop,1492182,10-14,7183868,Male
case of NMSC in 2014,0,10-14,5.7470944,Male
pop,1603833,10-14,7984556,Male
case of NMSC in 2015,0.9622998,10-14,6.3876448,Male
pop,2027078,10-14,9693183,Male
case of NMSC in 2016,4.054156,10-14,7.7545464,Male
pop,2465356,10-14,11546149,Male
case of NMSC in 2017,0,10-14,11.546149,Male
pop,2831943,10-14,14201472,Male
case of NMSC in 2018,1.9823601,10-14,21.302208,Male
Incident of NMSC in 2005,0,15-19,0.09,Male
Incident of NMSC in 2006,0.52,15-19,0.18,Male
Incident of NMSC in 2007,0,15-19,0.09,Male
Incident of NMSC in 2008,0,15-19,0.32,Male
Incident of NMSC in 2009,0.31,15-19,0,Male
Incident of NMSC in 2010,0,15-19,0.08,Male
Incident of NMSC in 2011,0,15-19,0.15,Male
Incident of NMSC in 2012,0.2,15-19,0.06,Male
Incident of NMSC in 2013,0.09,15-19,0.12,Male
Incident of NMSC in 2014,0,15-19,0.13,Male
Incident of NMSC in 2015,0.06,15-19,0.2,Male
Incident of NMSC in 2016,0.2,15-19,0.15,Male
Incident of NMSC in 2017,0,15-19,0.25,Male
Incident of NMSC in 2018,0.07,15-19,0.16,Male
Incident of NMSC in 2018,0-,15-19,15-19,Male
pop,173406,15-19,2195880,Male
case of NMSC in 2005,0,15-19,1.976292,Male
pop,192243,15-19,2216555,Male
case of NMSC in 2006,0.9996636,15-19,3.989799,Male
pop,214585,15-19,2220957,Male
case of NMSC in 2007,0,15-19,1.9988613,Male
pop,230304,15-19,2207619,Male
case of NMSC in 2008,0,15-19,7.0643808,Male
pop,327151,15-19,2795480,Male
case of NMSC in 2009,1.0141681,15-19,0,Male
pop,553502,15-19,3942503,Male
case of NMSC in 2010,0,15-19,3.1540024,Male
pop,684618,15-19,4580296,Male
case of NMSC in 2011,0,15-19,6.870444,Male
pop,994252,15-19,6243621,Male
case of NMSC in 2012,1.988504,15-19,3.7461726,Male
pop,1120183,15-19,6949280,Male
case of NMSC in 2013,1.0081647,15-19,8.339136,Male
pop,1492182,15-19,8504790,Male
case of NMSC in 2014,0,15-19,11.056227,Male
pop,1603833,15-19,9049253,Male
case of NMSC in 2015,0.9622998,15-19,18.098506,Male
pop,2027078,15-19,10812109,Male
case of NMSC in 2016,4.054156,15-19,16.2181635,Male
pop,2465356,15-19,12216721,Male
case of NMSC in 2017,0,15-19,30.5418025,Male
pop,2831943,15-19,14585468,Male
case of NMSC in 2018,1.9823601,15-19,23.3367488,Male
Incident of NMSC in 2005,0,20-24,0.12,Male
Incident of NMSC in 2006,0.52,20-24,0.04,Male
Incident of NMSC in 2007,0,20-24,0.26,Male
Incident of NMSC in 2008,0,20-24,0.27,Male
Incident of NMSC in 2009,0.31,20-24,0.11,Male
Incident of NMSC in 2010,0,20-24,0.13,Male
Incident of NMSC in 2011,0,20-24,0.15,Male
Incident of NMSC in 2012,0.2,20-24,0.12,Male
Incident of NMSC in 2013,0.09,20-24,0.17,Male
Incident of NMSC in 2014,0,20-24,0.17,Male
Incident of NMSC in 2015,0.06,20-24,0.13,Male
Incident of NMSC in 2016,0.2,20-24,0.15,Male
Incident of NMSC in 2017,0,20-24,0.2,Male
Incident of NMSC in 2018,0.07,20-24,0.15,Male
Incident of NMSC in 2018,0-,20-24,20-24,Male
pop,173406,20-24,2468195,Male
case of NMSC in 2005,0,20-24,2.961834,Male
pop,192243,20-24,2566537,Male
case of NMSC in 2006,0.9996636,20-24,1.0266148,Male
pop,214585,20-24,2722091,Male
case of NMSC in 2007,0,20-24,7.0774366,Male
pop,230304,20-24,2909458,Male
case of NMSC in 2008,0,20-24,7.8555366,Male
pop,327151,20-24,3790457,Male
case of NMSC in 2009,1.0141681,20-24,4.1695027,Male
pop,553502,20-24,5311134,Male
case of NMSC in 2010,0,20-24,6.9044742,Male
pop,684618,20-24,6037264,Male
case of NMSC in 2011,0,20-24,9.055896,Male
pop,994252,20-24,8380644,Male
case of NMSC in 2012,1.988504,20-24,10.0567728,Male
pop,1120183,20-24,9187448,Male
case of NMSC in 2013,1.0081647,20-24,15.6186616,Male
pop,1492182,20-24,11413925,Male
case of NMSC in 2014,0,20-24,19.4036725,Male
pop,1603833,20-24,11875899,Male
case of NMSC in 2015,0.9622998,20-24,15.4386687,Male
pop,2027078,20-24,13604438,Male
case of NMSC in 2016,4.054156,20-24,20.406657,Male
pop,2465356,20-24,14815642,Male
case of NMSC in 2017,0,20-24,29.631284,Male
pop,2831943,20-24,17702871,Male
case of NMSC in 2018,1.9823601,20-24,26.5543065,Male
Incident of NMSC in 2005,0,25-29,0.33,Male
Incident of NMSC in 2006,0.52,25-29,0.38,Male
Incident of NMSC in 2007,0,25-29,0.49,Male
Incident of NMSC in 2008,0,25-29,0.36,Male
Incident of NMSC in 2009,0.31,25-29,0.14,Male
Incident of NMSC in 2010,0,25-29,0.31,Male
Incident of NMSC in 2011,0,25-29,0.23,Male
Incident of NMSC in 2012,0.2,25-29,0.24,Male
Incident of NMSC in 2013,0.09,25-29,0.24,Male
Incident of NMSC in 2014,0,25-29,0.27,Male
Incident of NMSC in 2015,0.06,25-29,0.28,Male
Incident of NMSC in 2016,0.2,25-29,0.3,Male
Incident of NMSC in 2017,0,25-29,0.3,Male
Incident of NMSC in 2018,0.07,25-29,0.32,Male
Incident of NMSC in 2018,0-,25-29,25-29,Male
pop,173406,25-29,2135309,Male
case of NMSC in 2005,0,25-29,7.0465197,Male
pop,192243,25-29,2376828,Male
case of NMSC in 2006,0.9996636,25-29,9.0319464,Male
pop,214585,25-29,2457773,Male
case of NMSC in 2007,0,25-29,12.0430877,Male
pop,230304,25-29,2787889,Male
case of NMSC in 2008,0,25-29,10.0364004,Male
pop,327151,25-29,3687009,Male
case of NMSC in 2009,1.0141681,25-29,5.1618126,Male
pop,553502,25-29,5202735,Male
case of NMSC in 2010,0,25-29,16.1284785,Male
pop,684618,25-29,6017399,Male
case of NMSC in 2011,0,25-29,13.8400177,Male
pop,994252,25-29,8188498,Male
case of NMSC in 2012,1.988504,25-29,19.6523952,Male
pop,1120183,25-29,9218141,Male
case of NMSC in 2013,1.0081647,25-29,22.1235384,Male
pop,1492182,25-29,11962976,Male
case of NMSC in 2014,0,25-29,32.3000352,Male
pop,1603833,25-29,13463823,Male
case of NMSC in 2015,0.9622998,25-29,37.6987044,Male
pop,2027078,25-29,15434056,Male
case of NMSC in 2016,4.054156,25-29,46.302168,Male
pop,2465356,25-29,16839085,Male
case of NMSC in 2017,0,25-29,50.517255,Male
pop,2831943,25-29,19615180,Male
case of NMSC in 2018,1.9823601,25-29,62.768576,Male
Incident of NMSC in 2005,0,30-34,0.3,Male
Incident of NMSC in 2006,0.52,30-34,0.2,Male
Incident of NMSC in 2007,0,30-34,0.42,Male
Incident of NMSC in 2008,0,30-34,0.63,Male
Incident of NMSC in 2009,0.31,30-34,0.45,Male
Incident of NMSC in 2010,0,30-34,0.45,Male
Incident of NMSC in 2011,0,30-34,0.3,Male
Incident of NMSC in 2012,0.2,30-34,0.49,Male
Incident of NMSC in 2013,0.09,30-34,0.42,Male
Incident of NMSC in 2014,0,30-34,0.39,Male
Incident of NMSC in 2015,0.06,30-34,0.39,Male
Incident of NMSC in 2016,0.2,30-34,0.42,Male
Incident of NMSC in 2017,0,30-34,0.47,Male
Incident of NMSC in 2018,0.07,30-34,0.44,Male
Incident of NMSC in 2018,0-,30-34,30-34,Male
pop,173406,30-34,2297322,Male
case of NMSC in 2005,0,30-34,6.891966,Male
pop,192243,30-34,2464449,Male
case of NMSC in 2006,0.9996636,30-34,4.928898,Male
pop,214585,30-34,2363922,Male
case of NMSC in 2007,0,30-34,9.9284724,Male
pop,230304,30-34,2530927,Male
case of NMSC in 2008,0,30-34,15.9448401,Male
pop,327151,30-34,3350468,Male
case of NMSC in 2009,1.0141681,30-34,15.077106,Male
pop,553502,30-34,4864799,Male
case of NMSC in 2010,0,30-34,21.8915955,Male
pop,684618,30-34,5711938,Male
case of NMSC in 2011,0,30-34,17.135814,Male
pop,994252,30-34,7792141,Male
case of NMSC in 2012,1.988504,30-34,38.1814909,Male
pop,1120183,30-34,8709451,Male
case of NMSC in 2013,1.0081647,30-34,36.5796942,Male
pop,1492182,30-34,10979497,Male
case of NMSC in 2014,0,30-34,42.8200383,Male
pop,1603833,30-34,12246457,Male
case of NMSC in 2015,0.9622998,30-34,47.7611823,Male
pop,2027078,30-34,14042473,Male
case of NMSC in 2016,4.054156,30-34,58.9783866,Male
pop,2465356,30-34,16005637,Male
case of NMSC in 2017,0,30-34,75.2264939,Male
pop,2831943,30-34,19464756,Male
case of NMSC in 2018,1.9823601,30-34,85.6449264,Male
Incident of NMSC in 2005,0,35-39,0.63,Male
Incident of NMSC in 2006,0.52,35-39,0.79,Male
Incident of NMSC in 2007,0,35-39,0.53,Male
Incident of NMSC in 2008,0,35-39,0.9,Male
Incident of NMSC in 2009,0.31,35-39,0.46,Male
Incident of NMSC in 2010,0,35-39,0.52,Male
Incident of NMSC in 2011,0,35-39,0.64,Male
Incident of NMSC in 2012,0.2,35-39,0.46,Male
Incident of NMSC in 2013,0.09,35-39,0.61,Male
Incident of NMSC in 2014,0,35-39,0.57,Male
Incident of NMSC in 2015,0.06,35-39,0.62,Male
Incident of NMSC in 2016,0.2,35-39,0.48,Male
Incident of NMSC in 2017,0,35-39,0.51,Male
Incident of NMSC in 2018,0.07,35-39,0.59,Male
Incident of NMSC in 2018,0-,35-39,35-39,Male
pop,173406,35-39,2399803,Male
case of NMSC in 2005,0,35-39,15.1187589,Male
pop,192243,35-39,2669541,Male
case of NMSC in 2006,0.9996636,35-39,21.0893739,Male
pop,214585,35-39,2665650,Male
case of NMSC in 2007,0,35-39,14.127945,Male
pop,230304,35-39,2886770,Male
case of NMSC in 2008,0,35-39,25.98093,Male
pop,327151,35-39,3687707,Male
case of NMSC in 2009,1.0141681,35-39,16.9634522,Male
pop,553502,35-39,5382560,Male
case of NMSC in 2010,0,35-39,27.989312,Male
pop,684618,35-39,6111802,Male
case of NMSC in 2011,0,35-39,39.1155328,Male
pop,994252,35-39,8013956,Male
case of NMSC in 2012,1.988504,35-39,36.8641976,Male
pop,1120183,35-39,8914855,Male
case of NMSC in 2013,1.0081647,35-39,54.3806155,Male
pop,1492182,35-39,11195114,Male
case of NMSC in 2014,0,35-39,63.8121498,Male
pop,1603833,35-39,12103610,Male
case of NMSC in 2015,0.9622998,35-39,75.042382,Male
pop,2027078,35-39,14671949,Male
case of NMSC in 2016,4.054156,35-39,70.4253552,Male
pop,2465356,35-39,16837620,Male
case of NMSC in 2017,0,35-39,85.871862,Male
pop,2831943,35-39,20154570,Male
case of NMSC in 2018,1.9823601,35-39,118.911963,Male
Incident of NMSC in 2005,0,40-44,1.25,Male
Incident of NMSC in 2006,0.52,40-44,1.42,Male
Incident of NMSC in 2007,0,40-44,1.21,Male
Incident of NMSC in 2008,0,40-44,1.05,Male
Incident of NMSC in 2009,0.31,40-44,0.61,Male
Incident of NMSC in 2010,0,40-44,0.97,Male
Incident of NMSC in 2011,0,40-44,0.92,Male
Incident of NMSC in 2012,0.2,40-44,0.78,Male
Incident of NMSC in 2013,0.09,40-44,1.03,Male
Incident of NMSC in 2014,0,40-44,0.77,Male
Incident of NMSC in 2015,0.06,40-44,1.05,Male
Incident of NMSC in 2016,0.2,40-44,0.87,Male
Incident of NMSC in 2017,0,40-44,0.86,Male
Incident of NMSC in 2018,0.07,40-44,0.91,Male
Incident of NMSC in 2018,0-,40-44,40-44,Male
pop,173406,40-44,2563943,Male
case of NMSC in 2005,0,40-44,32.0492875,Male
pop,192243,40-44,2807802,Male
case of NMSC in 2006,0.9996636,40-44,39.8707884,Male
pop,214585,40-44,2737200,Male
case of NMSC in 2007,0,40-44,33.12012,Male
pop,230304,40-44,2863495,Male
case of NMSC in 2008,0,40-44,30.0666975,Male
pop,327151,40-44,3635160,Male
case of NMSC in 2009,1.0141681,40-44,22.174476,Male
pop,553502,40-44,5466769,Male
case of NMSC in 2010,0,40-44,53.0276593,Male
pop,684618,40-44,6410317,Male
case of NMSC in 2011,0,40-44,58.9749164,Male
pop,994252,40-44,8963360,Male
case of NMSC in 2012,1.988504,40-44,69.914208,Male
pop,1120183,40-44,10196645,Male
case of NMSC in 2013,1.0081647,40-44,105.0254435,Male
pop,1492182,40-44,12704250,Male
case of NMSC in 2014,0,40-44,97.822725,Male
pop,1603833,40-44,13662267,Male
case of NMSC in 2015,0.9622998,40-44,143.4538035,Male
pop,2027078,40-44,15943173,Male
case of NMSC in 2016,4.054156,40-44,138.7056051,Male
pop,2465356,40-44,17691143,Male
case of NMSC in 2017,0,40-44,152.1438298,Male
pop,2831943,40-44,20862589,Male
case of NMSC in 2018,1.9823601,40-44,189.8495599,Male
Incident of NMSC in 2005,0,45-49,1.54,Male
Incident of NMSC in 2006,0.52,45-49,1.43,Male
Incident of NMSC in 2007,0,45-49,1.76,Male
Incident of NMSC in 2008,0,45-49,1.45,Male
Incident of NMSC in 2009,0.31,45-49,1.28,Male
Incident of NMSC in 2010,0,45-49,1.41,Male
Incident of NMSC in 2011,0,45-49,1.28,Male
Incident of NMSC in 2012,0.2,45-49,1.59,Male
Incident of NMSC in 2013,0.09,45-49,1.35,Male
Incident of NMSC in 2014,0,45-49,1.31,Male
Incident of NMSC in 2015,0.06,45-49,1.37,Male
Incident of NMSC in 2016,0.2,45-49,1.29,Male
Incident of NMSC in 2017,0,45-49,1.35,Male
Incident of NMSC in 2018,0.07,45-49,1.38,Male
Incident of NMSC in 2018,0-,45-49,45-49,Male
pop,173406,45-49,2461207,Male
case of NMSC in 2005,0,45-49,37.9025878,Male
pop,192243,45-49,2594751,Male
case of NMSC in 2006,0.9996636,45-49,37.1049393,Male
pop,214585,45-49,2506456,Male
case of NMSC in 2007,0,45-49,44.1136256,Male
pop,230304,45-49,2897277,Male
case of NMSC in 2008,0,45-49,42.0105165,Male
pop,327151,45-49,3744392,Male
case of NMSC in 2009,1.0141681,45-49,47.9282176,Male
pop,553502,45-49,5444970,Male
case of NMSC in 2010,0,45-49,76.774077,Male
pop,684618,45-49,6400357,Male
case of NMSC in 2011,0,45-49,81.9245696,Male
pop,994252,45-49,8642568,Male
case of NMSC in 2012,1.988504,45-49,137.4168312,Male
pop,1120183,45-49,9886294,Male
case of NMSC in 2013,1.0081647,45-49,133.464969,Male
pop,1492182,45-49,12564439,Male
case of NMSC in 2014,0,45-49,164.5941509,Male
pop,1603833,45-49,14203282,Male
case of NMSC in 2015,0.9622998,45-49,194.5849634,Male
pop,2027078,45-49,17236389,Male
case of NMSC in 2016,4.054156,45-49,222.3494181,Male
pop,2465356,45-49,19764144,Male
case of NMSC in 2017,0,45-49,266.815944,Male
pop,2831943,45-49,23439973,Male
case of NMSC in 2018,1.9823601,45-49,323.4716274,Male
Incident of NMSC in 2005,0,50-54,2.28,Male
Incident of NMSC in 2006,0.52,50-54,2.59,Male
Incident of NMSC in 2007,0,50-54,2.57,Male
Incident of NMSC in 2008,0,50-54,2.95,Male
Incident of NMSC in 2009,0.31,50-54,2.2,Male
Incident of NMSC in 2010,0,50-54,1.7,Male
Incident of NMSC in 2011,0,50-54,2.27,Male
Incident of NMSC in 2012,0.2,50-54,2.41,Male
Incident of NMSC in 2013,0.09,50-54,1.97,Male
Incident of NMSC in 2014,0,50-54,2.1,Male
Incident of NMSC in 2015,0.06,50-54,2.04,Male
Incident of NMSC in 2016,0.2,50-54,2.4,Male
Incident of NMSC in 2017,0,50-54,2.4,Male
Incident of NMSC in 2018,0.07,50-54,2.4,Male
Incident of NMSC in 2018,0-,50-54,50-54,Male
pop,173406,50-54,2061242,Male
case of NMSC in 2005,0,50-54,46.9963176,Male
pop,192243,50-54,2319331,Male
case of NMSC in 2006,0.9996636,50-54,60.0706729,Male
pop,214585,50-54,2371821,Male
case of NMSC in 2007,0,50-54,60.9557997,Male
pop,230304,50-54,2809713,Male
case of NMSC in 2008,0,50-54,82.8865335,Male
pop,327151,50-54,3370296,Male
case of NMSC in 2009,1.0141681,50-54,74.146512,Male
pop,553502,50-54,4719319,Male
case of NMSC in 2010,0,50-54,80.228423,Male
pop,684618,50-54,5282669,Male
case of NMSC in 2011,0,50-54,119.9165863,Male
pop,994252,50-54,6974532,Male
case of NMSC in 2012,1.988504,50-54,168.0862212,Male
pop,1120183,50-54,8125627,Male
case of NMSC in 2013,1.0081647,50-54,160.0748519,Male
pop,1492182,50-54,10614514,Male
case of NMSC in 2014,0,50-54,222.904794,Male
pop,1603833,50-54,12370248,Male
case of NMSC in 2015,0.9622998,50-54,252.3530592,Male
pop,2027078,50-54,14678137,Male
case of NMSC in 2016,4.054156,50-54,352.275288,Male
pop,2465356,50-54,16694834,Male
case of NMSC in 2017,0,50-54,400.676016,Male
pop,2831943,50-54,19869722,Male
case of NMSC in 2018,1.9823601,50-54,476.873328,Male
Incident of NMSC in 2005,0,55-59,3.35,Male
Incident of NMSC in 2006,0.52,55-59,2.99,Male
Incident of NMSC in 2007,0,55-59,3.73,Male
Incident of NMSC in 2008,0,55-59,3.85,Male
Incident of NMSC in 2009,0.31,55-59,2.91,Male
Incident of NMSC in 2010,0,55-59,3.34,Male
Incident of NMSC in 2011,0,55-59,3.26,Male
Incident of NMSC in 2012,0.2,55-59,3.22,Male
Incident of NMSC in 2013,0.09,55-59,3.12,Male
Incident of NMSC in 2014,0,55-59,3.68,Male
Incident of NMSC in 2015,0.06,55-59,3.35,Male
Incident of NMSC in 2016,0.2,55-59,3.05,Male
Incident of NMSC in 2017,0,55-59,2.74,Male
Incident of NMSC in 2018,0.07,55-59,3.19,Male
Incident of NMSC in 2018,0-,55-59,55-59,Male
pop,173406,55-59,1431317,Male
case of NMSC in 2005,0,55-59,47.9491195,Male
pop,192243,55-59,1607211,Male
case of NMSC in 2006,0.9996636,55-59,48.0556089,Male
pop,214585,55-59,1687358,Male
case of NMSC in 2007,0,55-59,62.9384534,Male
pop,230304,55-59,2078657,Male
case of NMSC in 2008,0,55-59,80.0282945,Male
pop,327151,55-59,2751754,Male
case of NMSC in 2009,1.0141681,55-59,80.0760414,Male
pop,553502,55-59,4126860,Male
case of NMSC in 2010,0,55-59,137.837124,Male
pop,684618,55-59,5024400,Male
case of NMSC in 2011,0,55-59,163.79544,Male
pop,994252,55-59,7069983,Male
case of NMSC in 2012,1.988504,55-59,227.6534526,Male
pop,1120183,55-59,8211309,Male
case of NMSC in 2013,1.0081647,55-59,256.1928408,Male
pop,1492182,55-59,10017016,Male
case of NMSC in 2014,0,55-59,368.6261888,Male
pop,1603833,55-59,10663349,Male
case of NMSC in 2015,0.9622998,55-59,357.2221915,Male
pop,2027078,55-59,12352675,Male
case of NMSC in 2016,4.054156,55-59,376.7565875,Male
pop,2465356,55-59,13778674,Male
case of NMSC in 2017,0,55-59,377.5356676,Male
pop,2831943,55-59,16963128,Male
case of NMSC in 2018,1.9823601,55-59,541.1237832,Male
Incident of NMSC in 2005,0,60-64,6,Male
Incident of NMSC in 2006,0.52,60-64,4.53,Male
Incident of NMSC in 2007,0,60-64,4.26,Male
Incident of NMSC in 2008,0,60-64,5.61,Male
Incident of NMSC in 2009,0.31,60-64,5,Male
Incident of NMSC in 2010,0,60-64,5.63,Male
Incident of NMSC in 2011,0,60-64,5.43,Male
Incident of NMSC in 2012,0.2,60-64,5.96,Male
Incident of NMSC in 2013,0.09,60-64,5.19,Male
Incident of NMSC in 2014,0,60-64,5.74,Male
Incident of NMSC in 2015,0.06,60-64,4.96,Male
Incident of NMSC in 2016,0.2,60-64,5.34,Male
Incident of NMSC in 2017,0,60-64,5.6,Male
Incident of NMSC in 2018,0.07,60-64,5.73,Male
Incident of NMSC in 2018,0-,60-64,60-64,Male
pop,173406,60-64,1033942,Male
case of NMSC in 2005,0,60-64,62.03652,Male
pop,192243,60-64,1170392,Male
case of NMSC in 2006,0.9996636,60-64,53.0187576,Male
pop,214585,60-64,1222016,Male
case of NMSC in 2007,0,60-64,52.0578816,Male
pop,230304,60-64,1479943,Male
case of NMSC in 2008,0,60-64,83.0248023,Male
pop,327151,60-64,1961417,Male
case of NMSC in 2009,1.0141681,60-64,98.07085,Male
pop,553502,60-64,2912878,Male
case of NMSC in 2010,0,60-64,163.9950314,Male
pop,684618,60-64,3571886,Male
case of NMSC in 2011,0,60-64,193.9534098,Male
pop,994252,60-64,5083547,Male
case of NMSC in 2012,1.988504,60-64,302.9794012,Male
pop,1120183,60-64,6143354,Male
case of NMSC in 2013,1.0081647,60-64,318.8400726,Male
pop,1492182,60-64,8078525,Male
case of NMSC in 2014,0,60-64,463.707335,Male
pop,1603833,60-64,9374709,Male
case of NMSC in 2015,0.9622998,60-64,464.9855664,Male
pop,2027078,60-64,11431650,Male
case of NMSC in 2016,4.054156,60-64,610.45011,Male
pop,2465356,60-64,13250102,Male
case of NMSC in 2017,0,60-64,742.005712,Male
pop,2831943,60-64,15772987,Male
case of NMSC in 2018,1.9823601,60-64,903.7921551,Male
Incident of NMSC in 2005,0,65-69,7.16,Male
Incident of NMSC in 2006,0.52,65-69,6.61,Male
Incident of NMSC in 2007,0,65-69,6.69,Male
Incident of NMSC in 2008,0,65-69,7.5,Male
Incident of NMSC in 2009,0.31,65-69,6.52,Male
Incident of NMSC in 2010,0,65-69,7.05,Male
Incident of NMSC in 2011,0,65-69,7.42,Male
Incident of NMSC in 2012,0.2,65-69,8.06,Male
Incident of NMSC in 2013,0.09,65-69,7.21,Male
Incident of NMSC in 2014,0,65-69,7.63,Male
Incident of NMSC in 2015,0.06,65-69,7.71,Male
Incident of NMSC in 2016,0.2,65-69,7.77,Male
Incident of NMSC in 2017,0,65-69,7.86,Male
Incident of NMSC in 2018,0.07,65-69,8.28,Male
Incident of NMSC in 2018,0-,65-69,65-69,Male
pop,173406,65-69,991763,Male
case of NMSC in 2005,0,65-69,71.0102308,Male
pop,192243,65-69,1058385,Male
case of NMSC in 2006,0.9996636,65-69,69.9592485,Male
pop,214585,65-69,1046599,Male
case of NMSC in 2007,0,65-69,70.0174731,Male
pop,230304,65-69,1133807,Male
case of NMSC in 2008,0,65-69,85.035525,Male
pop,327151,65-69,1458084,Male
case of NMSC in 2009,1.0141681,65-69,95.0670768,Male
pop,553502,65-69,2084787,Male
case of NMSC in 2010,0,65-69,146.9774835,Male
pop,684618,65-69,2534278,Male
case of NMSC in 2011,0,65-69,188.0434276,Male
pop,994252,65-69,3497777,Male
case of NMSC in 2012,1.988504,65-69,281.9208262,Male
pop,1120183,65-69,4176473,Male
case of NMSC in 2013,1.0081647,65-69,301.1237033,Male
pop,1492182,65-69,5558957,Male
case of NMSC in 2014,0,65-69,424.1484191,Male
pop,1603833,65-69,6514220,Male
case of NMSC in 2015,0.9622998,65-69,502.246362,Male
pop,2027078,65-69,8173167,Male
case of NMSC in 2016,4.054156,65-69,635.0550759,Male
pop,2465356,65-69,9698625,Male
case of NMSC in 2017,0,65-69,762.311925,Male
pop,2831943,65-69,12153174,Male
case of NMSC in 2018,1.9823601,65-69,1006.2828072,Male
Incident of NMSC in 2005,0,70-74,11.36,Male
Incident of NMSC in 2006,0.52,70-74,13.11,Male
Incident of NMSC in 2007,0,70-74,10.43,Male
Incident of NMSC in 2008,0,70-74,14.54,Male
Incident of NMSC in 2009,0.31,70-74,11.14,Male
Incident of NMSC in 2010,0,70-74,10.96,Male
Incident of NMSC in 2011,0,70-74,11.58,Male
Incident of NMSC in 2012,0.2,70-74,9.81,Male
Incident of NMSC in 2013,0.09,70-74,9.24,Male
Incident of NMSC in 2014,0,70-74,10.6,Male
Incident of NMSC in 2015,0.06,70-74,11.14,Male
Incident of NMSC in 2016,0.2,70-74,10.45,Male
Incident of NMSC in 2017,0,70-74,11.59,Male
Incident of NMSC in 2018,0.07,70-74,12.14,Male
Incident of NMSC in 2018,0-,70-74,70-74,Male
pop,173406,70-74,853829,Male
case of NMSC in 2005,0,70-74,96.9949744,Male
pop,192243,70-74,930407,Male
case of NMSC in 2006,0.9996636,70-74,121.9763577,Male
pop,214585,70-74,939824,Male
case of NMSC in 2007,0,70-74,98.0236432,Male
pop,230304,70-74,1052543,Male
case of NMSC in 2008,0,70-74,153.0397522,Male
pop,327151,70-74,1256564,Male
case of NMSC in 2009,1.0141681,70-74,139.9812296,Male
pop,553502,70-74,1752290,Male
case of NMSC in 2010,0,70-74,192.050984,Male
pop,684618,70-74,2021534,Male
case of NMSC in 2011,0,70-74,234.0936372,Male
pop,994252,70-74,2692482,Male
case of NMSC in 2012,1.988504,70-74,264.1324842,Male
pop,1120183,70-74,3104989,Male
case of NMSC in 2013,1.0081647,70-74,286.9009836,Male
pop,1492182,70-74,3999592,Male
case of NMSC in 2014,0,70-74,423.956752,Male
pop,1603833,70-74,4665784,Male
case of NMSC in 2015,0.9622998,70-74,519.7683376,Male
pop,2027078,70-74,5655313,Male
case of NMSC in 2016,4.054156,70-74,590.9802085,Male
pop,2465356,70-74,6654237,Male
case of NMSC in 2017,0,70-74,771.2260683,Male
pop,2831943,70-74,8276466,Male
case of NMSC in 2018,1.9823601,70-74,1004.7629724,Male
Incident of NMSC in 2005,0,75-79,17.16,Male
Incident of NMSC in 2006,0.52,75-79,18.14,Male
Incident of NMSC in 2007,0,75-79,16.01,Male
Incident of NMSC in 2008,0,75-79,17.67,Male
Incident of NMSC in 2009,0.31,75-79,15.95,Male
Incident of NMSC in 2010,0,75-79,13.93,Male
Incident of NMSC in 2011,0,75-79,16.54,Male
Incident of NMSC in 2012,0.2,75-79,15.71,Male
Incident of NMSC in 2013,0.09,75-79,16.55,Male
Incident of NMSC in 2014,0,75-79,14.96,Male
Incident of NMSC in 2015,0.06,75-79,15.5,Male
Incident of NMSC in 2016,0.2,75-79,15.94,Male
Incident of NMSC in 2017,0,75-79,14.09,Male
Incident of NMSC in 2018,0.07,75-79,16.24,Male
Incident of NMSC in 2018,0-,75-79,75-79,Male
pop,173406,75-79,536139,Male
case of NMSC in 2005,0,75-79,92.0014524,Male
pop,192243,75-79,589749,Male
case of NMSC in 2006,0.9996636,75-79,106.9804686,Male
pop,214585,75-79,612209,Male
case of NMSC in 2007,0,75-79,98.0146609,Male
pop,230304,75-79,752806,Male
case of NMSC in 2008,0,75-79,133.0208202,Male
pop,327151,75-79,933904,Male
case of NMSC in 2009,1.0141681,75-79,148.957688,Male
pop,553502,75-79,1327608,Male
case of NMSC in 2010,0,75-79,184.9357944,Male
pop,684618,75-79,1565530,Male
case of NMSC in 2011,0,75-79,258.938662,Male
pop,994252,75-79,2112988,Male
case of NMSC in 2012,1.988504,75-79,331.9504148,Male
pop,1120183,75-79,2441299,Male
case of NMSC in 2013,1.0081647,75-79,404.0349845,Male
pop,1492182,75-79,3121472,Male
case of NMSC in 2014,0,75-79,466.9722112,Male
pop,1603833,75-79,3483593,Male
case of NMSC in 2015,0.9622998,75-79,539.956915,Male
pop,2027078,75-79,4133505,Male
case of NMSC in 2016,4.054156,75-79,658.880697,Male
pop,2465356,75-79,4725730,Male
case of NMSC in 2017,0,75-79,665.855357,Male
pop,2831943,75-79,5682100,Male
case of NMSC in 2018,1.9823601,75-79,922.77304,Male
Incident of NMSC in 2005,0,80-84,20.03,Male
Incident of NMSC in 2006,0.52,80-84,28.66,Male
Incident of NMSC in 2007,0,80-84,23.84,Male
Incident of NMSC in 2008,0,80-84,19.97,Male
Incident of NMSC in 2009,0.31,80-84,22.57,Male
Incident of NMSC in 2010,0,80-84,25.66,Male
Incident of NMSC in 2011,0,80-84,24.48,Male
Incident of NMSC in 2012,0.2,80-84,21.02,Male
Incident of NMSC in 2013,0.09,80-84,21.56,Male
Incident of NMSC in 2014,0,80-84,21.77,Male
Incident of NMSC in 2015,0.06,80-84,19.71,Male
Incident of NMSC in 2016,0.2,80-84,21.26,Male
Incident of NMSC in 2017,0,80-84,23.58,Male
Incident of NMSC in 2018,0.07,80-84,24.42,Male
Incident of NMSC in 2018,0-,80-84,80-84,Male
pop,173406,80-84,264557,Male
case of NMSC in 2005,0,80-84,52.9907671,Male
pop,192243,80-84,289644,Male
case of NMSC in 2006,0.9996636,80-84,83.0119704,Male
pop,214585,80-84,314649,Male
case of NMSC in 2007,0,80-84,75.0123216,Male
pop,230304,80-84,395524,Male
case of NMSC in 2008,0,80-84,78.9861428,Male
pop,327151,80-84,496334,Male
case of NMSC in 2009,1.0141681,80-84,112.0225838,Male
pop,553502,80-84,709356,Male
case of NMSC in 2010,0,80-84,182.0207496,Male
pop,684618,80-84,853731,Male
case of NMSC in 2011,0,80-84,208.9933488,Male
pop,994252,80-84,1189503,Male
case of NMSC in 2012,1.988504,80-84,250.0335306,Male
pop,1120183,80-84,1414709,Male
case of NMSC in 2013,1.0081647,80-84,305.0112604,Male
pop,1492182,80-84,1901893,Male
case of NMSC in 2014,0,80-84,414.0421061,Male
pop,1603833,80-84,2197248,Male
case of NMSC in 2015,0.9622998,80-84,433.0775808,Male
pop,2027078,80-84,2657823,Male
case of NMSC in 2016,4.054156,80-84,565.0531698,Male
pop,2465356,80-84,3027487,Male
case of NMSC in 2017,0,80-84,713.8814346,Male
pop,2831943,80-84,3644185,Male
case of NMSC in 2018,1.9823601,80-84,889.909977,Male
Incident of NMSC in 2005,0,85+,21.4,Male
Incident of NMSC in 2006,0.52,85+,34.92,Male
Incident of NMSC in 2007,0,85+,30.18,Male
Incident of NMSC in 2008,0,85+,36.19,Male
Incident of NMSC in 2009,0.31,85+,21.44,Male
Incident of NMSC in 2010,0,85+,27.92,Male
Incident of NMSC in 2011,0,85+,31.08,Male
Incident of NMSC in 2012,0.2,85+,25.18,Male
Incident of NMSC in 2013,0.09,85+,27.57,Male
Incident of NMSC in 2014,0,85+,25.67,Male
Incident of NMSC in 2015,0.06,85+,28.31,Male
Incident of NMSC in 2016,0.2,85+,26.7,Male
Incident of NMSC in 2017,0,85+,30.25,Male
Incident of NMSC in 2018,0.07,85+,31.25,Male
Incident of NMSC in 2018,0-,85+,85+,Male
pop,173406,85+,130846,Male
case of NMSC in 2005,0,85+,28.001044,Male
pop,192243,85+,140329,Male
case of NMSC in 2006,0.9996636,85+,49.0028868,Male
pop,214585,85+,155744,Male
case of NMSC in 2007,0,85+,47.0035392,Male
pop,230304,85+,204464,Male
case of NMSC in 2008,0,85+,73.9955216,Male
pop,327151,85+,261225,Male
case of NMSC in 2009,1.0141681,85+,56.00664,Male
pop,553502,85+,365311,Male
case of NMSC in 2010,0,85+,101.9948312,Male
pop,684618,85+,437643,Male
case of NMSC in 2011,0,85+,136.0194444,Male
pop,994252,85+,631518,Male
case of NMSC in 2012,1.988504,85+,159.0162324,Male
pop,1120183,85+,776142,Male
case of NMSC in 2013,1.0081647,85+,213.9823494,Male
pop,1492182,85+,1090718,Male
case of NMSC in 2014,0,85+,279.9873106,Male
pop,1603833,85+,1334999,Male
case of NMSC in 2015,0.9622998,85+,377.9382169,Male
pop,2027078,85+,1621991,Male
case of NMSC in 2016,4.054156,85+,433.071597,Male
pop,2465356,85+,1834427,Male
case of NMSC in 2017,0,85+,554.9141675,Male
pop,2831943,85+,2259098,Male
case of NMSC in 2018,1.9823601,85+,705.968125,Male
Incident of NMSC in 2005,0,1-4,0.14,Female
Incident of NMSC in 2006,0,1-4,0.13,Female
Incident of NMSC in 2007,0,1-4,0,Female
Incident of NMSC in 2008,0.49,1-4,0,Female
Incident of NMSC in 2009,0,1-4,0.08,Female
Incident of NMSC in 2010,0,1-4,0.05,Female
Incident of NMSC in 2011,0,1-4,0.08,Female
Incident of NMSC in 2012,0.23,1-4,0,Female
Incident of NMSC in 2013,0,1-4,0.05,Female
Incident of NMSC in 2014,0,1-4,0.02,Female
Incident of NMSC in 2015,0,1-4,0.03,Female
Incident of NMSC in 2016,0.22,1-4,0.03,Female
Incident of NMSC in 2017,0.14,1-4,0.08,Female
Incident of NMSC in 2018,0.12,1-4,0.17,Female
Incident of NMSC in 2018,0-,1-4,1-4,Female
pop,155305,1-4,704192,Female
case of NMSC in 2005,0,1-4,0.9858688,Female
pop,174563,1-4,785464,Female
case of NMSC in 2006,0,1-4,1.0211032,Female
pop,191701,1-4,797041,Female
case of NMSC in 2007,0,1-4,0,Female
pop,204918,1-4,885202,Female
case of NMSC in 2008,1.0040982,1-4,0,Female
pop,292891,1-4,1289140,Female
case of NMSC in 2009,0,1-4,1.031312,Female
pop,486435,1-4,2096825,Female
case of NMSC in 2010,0,1-4,1.0484125,Female
pop,612356,1-4,2589186,Female
case of NMSC in 2011,0,1-4,2.0713488,Female
pop,882447,1-4,3564903,Female
case of NMSC in 2012,2.0296281,1-4,0,Female
pop,991430,1-4,4158047,Female
case of NMSC in 2013,0,1-4,2.0790235,Female
pop,1321862,1-4,5478844,Female
case of NMSC in 2014,0,1-4,1.0957688,Female
pop,1416150,1-4,6386000,Female
case of NMSC in 2015,0,1-4,1.9158,Female
pop,1788641,1-4,7681746,Female
case of NMSC in 2016,3.9350102,1-4,2.3045238,Female
pop,2188292,1-4,9190787,Female
case of NMSC in 2017,3.0636088,1-4,7.3526296,Female
pop,2519946,1-4,11201774,Female
case of NMSC in 2018,3.0239352,1-4,19.0430158,Female
Incident of NMSC in 2005,0,5-9,0,Female
Incident of NMSC in 2006,0,5-9,0.08,Female
Incident of NMSC in 2007,0,5-9,0.08,Female
Incident of NMSC in 2008,0.49,5-9,0,Female
Incident of NMSC in 2009,0,5-9,0,Female
Incident of NMSC in 2010,0,5-9,0.06,Female
Incident of NMSC in 2011,0,5-9,0.06,Female
Incident of NMSC in 2012,0.23,5-9,0.02,Female
Incident of NMSC in 2013,0,5-9,0.06,Female
Incident of NMSC in 2014,0,5-9,0.11,Female
Incident of NMSC in 2015,0,5-9,0.03,Female
Incident of NMSC in 2016,0.22,5-9,0.06,Female
Incident of NMSC in 2017,0.14,5-9,0.09,Female
Incident of NMSC in 2018,0.12,5-9,0.07,Female
Incident of NMSC in 2018,0-,5-9,5-9,Female
pop,155305,5-9,1181344,Female
case of NMSC in 2005,0,5-9,0,Female
pop,174563,5-9,1211038,Female
case of NMSC in 2006,0,5-9,0.9688304,Female
pop,191701,5-9,1200021,Female
case of NMSC in 2007,0,5-9,0.9600168,Female
pop,204918,5-9,1215489,Female
case of NMSC in 2008,1.0040982,5-9,0,Female
pop,292891,5-9,1711885,Female
case of NMSC in 2009,0,5-9,0,Female
pop,486435,5-9,2667249,Female
case of NMSC in 2010,0,5-9,1.6003494,Female
pop,612356,5-9,3152099,Female
case of NMSC in 2011,0,5-9,1.8912594,Female
pop,882447,5-9,4204192,Female
case of NMSC in 2012,2.0296281,5-9,0.8408384,Female
pop,991430,5-9,5132697,Female
case of NMSC in 2013,0,5-9,3.0796182,Female
pop,1321862,5-9,6650453,Female
case of NMSC in 2014,0,5-9,7.3154983,Female
pop,1416150,5-9,7640855,Female
case of NMSC in 2015,0,5-9,2.2922565,Female
pop,1788641,5-9,9410149,Female
case of NMSC in 2016,3.9350102,5-9,5.6460894,Female
pop,2188292,5-9,11290100,Female
case of NMSC in 2017,3.0636088,5-9,10.16109,Female
pop,2519946,5-9,13562972,Female
case of NMSC in 2018,3.0239352,5-9,9.4940804,Female
Incident of NMSC in 2005,0,10-14,0,Female
Incident of NMSC in 2006,0,10-14,0.18,Female
Incident of NMSC in 2007,0,10-14,0.25,Female
Incident of NMSC in 2008,0.49,10-14,0.12,Female
Incident of NMSC in 2009,0,10-14,0.14,Female
Incident of NMSC in 2010,0,10-14,0.08,Female
Incident of NMSC in 2011,0,10-14,0.03,Female
Incident of NMSC in 2012,0.23,10-14,0.02,Female
Incident of NMSC in 2013,0,10-14,0.08,Female
Incident of NMSC in 2014,0,10-14,0.11,Female
Incident of NMSC in 2015,0,10-14,0.14,Female
Incident of NMSC in 2016,0.22,10-14,0.12,Female
Incident of NMSC in 2017,0.14,10-14,0.143,Female
Incident of NMSC in 2018,0.12,10-14,0.09,Female
Incident of NMSC in 2018,0-,10-14,10-14,Female
pop,155305,10-14,1590127,Female
case of NMSC in 2005,0,10-14,0,Female
pop,174563,10-14,1667036,Female
case of NMSC in 2006,0,10-14,3.0006648,Female
pop,191701,10-14,1619203,Female
case of NMSC in 2007,0,10-14,4.0480075,Female
pop,204918,10-14,1645564,Female
case of NMSC in 2008,1.0040982,10-14,1.9746768,Female
pop,292891,10-14,2178671,Female
case of NMSC in 2009,0,10-14,3.0501394,Female
pop,486435,10-14,3129573,Female
case of NMSC in 2010,0,10-14,2.5036584,Female
pop,612356,10-14,3501968,Female
case of NMSC in 2011,0,10-14,1.0505904,Female
pop,882447,10-14,4422732,Female
case of NMSC in 2012,2.0296281,10-14,0.8845464,Female
pop,991430,10-14,4960433,Female
case of NMSC in 2013,0,10-14,3.9683464,Female
pop,1321862,10-14,6293607,Female
case of NMSC in 2014,0,10-14,6.9229677,Female
pop,1416150,10-14,6915197,Female
case of NMSC in 2015,0,10-14,9.6812758,Female
pop,1788641,10-14,8453698,Female
case of NMSC in 2016,3.9350102,10-14,10.1444376,Female
pop,2188292,10-14,10042339,Female
case of NMSC in 2017,3.0636088,10-14,14.36054477,Female
pop,2519946,10-14,12390011,Female
case of NMSC in 2018,3.0239352,10-14,11.1510099,Female
Incident of NMSC in 2005,0,15-19,0.15,Female
Incident of NMSC in 2006,0,15-19,0.19,Female
Incident of NMSC in 2007,0,15-19,0.05,Female
Incident of NMSC in 2008,0.49,15-19,0.19,Female
Incident of NMSC in 2009,0,15-19,0.08,Female
Incident of NMSC in 2010,0,15-19,0.06,Female
Incident of NMSC in 2011,0,15-19,0.16,Female
Incident of NMSC in 2012,0.23,15-19,0.14,Female
Incident of NMSC in 2013,0,15-19,0.06,Female
Incident of NMSC in 2014,0,15-19,0.18,Female
Incident of NMSC in 2015,0,15-19,0.16,Female
Incident of NMSC in 2016,0.22,15-19,0.13,Female
Incident of NMSC in 2017,0.14,15-19,0.16,Female
Incident of NMSC in 2018,0.12,15-19,0.22,Female
Incident of NMSC in 2018,0-,15-19,15-19,Female
pop,155305,15-19,2066136,Female
case of NMSC in 2005,0,15-19,3.099204,Female
pop,174563,15-19,2129653,Female
case of NMSC in 2006,0,15-19,4.0463407,Female
pop,191701,15-19,2109163,Female
case of NMSC in 2007,0,15-19,1.0545815,Female
pop,204918,15-19,2096264,Female
case of NMSC in 2008,1.0040982,15-19,3.9829016,Female
pop,292891,15-19,2631293,Female
case of NMSC in 2009,0,15-19,2.1050344,Female
pop,486435,15-19,3689182,Female
case of NMSC in 2010,0,15-19,2.2135092,Female
pop,612356,15-19,4242645,Female
case of NMSC in 2011,0,15-19,6.788232,Female
pop,882447,15-19,5705686,Female
case of NMSC in 2012,2.0296281,15-19,7.9879604,Female
pop,991430,15-19,6292296,Female
case of NMSC in 2013,0,15-19,3.7753776,Female
pop,1321862,15-19,7774163,Female
case of NMSC in 2014,0,15-19,13.9934934,Female
pop,1416150,15-19,8205951,Female
case of NMSC in 2015,0,15-19,13.1295216,Female
pop,1788641,15-19,9821121,Female
case of NMSC in 2016,3.9350102,15-19,12.7674573,Female
pop,2188292,15-19,11049673,Female
case of NMSC in 2017,3.0636088,15-19,17.6794768,Female
pop,2519946,15-19,13142326,Female
case of NMSC in 2018,3.0239352,15-19,28.9131172,Female
Incident of NMSC in 2005,0,20-24,0.09,Female
Incident of NMSC in 2006,0,20-24,0.17,Female
Incident of NMSC in 2007,0,20-24,0.08,Female
Incident of NMSC in 2008,0.49,20-24,0.11,Female
Incident of NMSC in 2009,0,20-24,0.06,Female
Incident of NMSC in 2010,0,20-24,0.1,Female
Incident of NMSC in 2011,0,20-24,0.27,Female
Incident of NMSC in 2012,0.23,20-24,0.27,Female
Incident of NMSC in 2013,0,20-24,0.1,Female
Incident of NMSC in 2014,0,20-24,0.19,Female
Incident of NMSC in 2015,0,20-24,0.17,Female
Incident of NMSC in 2016,0.22,20-24,0.14,Female
Incident of NMSC in 2017,0.14,20-24,0.23,Female
Incident of NMSC in 2018,0.12,20-24,0.18,Female
Incident of NMSC in 2018,0-,20-24,20-24,Female
pop,155305,20-24,2268440,Female
case of NMSC in 2005,0,20-24,2.041596,Female
pop,174563,20-24,2420224,Female
case of NMSC in 2006,0,20-24,4.1143808,Female
pop,191701,20-24,2519749,Female
case of NMSC in 2007,0,20-24,2.0157992,Female
pop,204918,20-24,2723334,Female
case of NMSC in 2008,1.0040982,20-24,2.9956674,Female
pop,292891,20-24,3564942,Female
case of NMSC in 2009,0,20-24,2.1389652,Female
pop,486435,20-24,5091617,Female
case of NMSC in 2010,0,20-24,5.091617,Female
pop,612356,20-24,5838711,Female
case of NMSC in 2011,0,20-24,15.7645197,Female
pop,882447,20-24,8044047,Female
case of NMSC in 2012,2.0296281,20-24,21.7189269,Female
pop,991430,20-24,8800228,Female
case of NMSC in 2013,0,20-24,8.800228,Female
pop,1321862,20-24,10856412,Female
case of NMSC in 2014,0,20-24,20.6271828,Female
pop,1416150,20-24,11296870,Female
case of NMSC in 2015,0,20-24,19.204679,Female
pop,1788641,20-24,12975979,Female
case of NMSC in 2016,3.9350102,20-24,18.1663706,Female
pop,2188292,20-24,14199254,Female
case of NMSC in 2017,3.0636088,20-24,32.6582842,Female
pop,2519946,20-24,16812239,Female
case of NMSC in 2018,3.0239352,20-24,30.2620302,Female
Incident of NMSC in 2005,0,25-29,0.24,Female
Incident of NMSC in 2006,0,25-29,0.26,Female
Incident of NMSC in 2007,0,25-29,0.21,Female
Incident of NMSC in 2008,0.49,25-29,0.19,Female
Incident of NMSC in 2009,0,25-29,0.48,Female
Incident of NMSC in 2010,0,25-29,0.21,Female
Incident of NMSC in 2011,0,25-29,0.19,Female
Incident of NMSC in 2012,0.23,25-29,0.33,Female
Incident of NMSC in 2013,0,25-29,0.21,Female
Incident of NMSC in 2014,0,25-29,0.2,Female
Incident of NMSC in 2015,0,25-29,0.36,Female
Incident of NMSC in 2016,0.22,25-29,0.35,Female
Incident of NMSC in 2017,0.14,25-29,0.27,Female
Incident of NMSC in 2018,0.12,25-29,0.27,Female
Incident of NMSC in 2018,0-,25-29,25-29,Female
pop,155305,25-29,2050701,Female
case of NMSC in 2005,0,25-29,4.9216824,Female
pop,174563,25-29,2312567,Female
case of NMSC in 2006,0,25-29,6.0126742,Female
pop,191701,25-29,2361136,Female
case of NMSC in 2007,0,25-29,4.9583856,Female
pop,204918,25-29,2684460,Female
case of NMSC in 2008,1.0040982,25-29,5.100474,Female
pop,292891,25-29,3553884,Female
case of NMSC in 2009,0,25-29,17.0586432,Female
pop,486435,25-29,5055499,Female
case of NMSC in 2010,0,25-29,10.6165479,Female
pop,612356,25-29,5908775,Female
case of NMSC in 2011,0,25-29,11.2266725,Female
pop,882447,25-29,7960860,Female
case of NMSC in 2012,2.0296281,25-29,26.270838,Female
pop,991430,25-29,9007691,Female
case of NMSC in 2013,0,25-29,18.9161511,Female
pop,1321862,25-29,11691822,Female
case of NMSC in 2014,0,25-29,23.383644,Female
pop,1416150,25-29,13182611,Female
case of NMSC in 2015,0,25-29,47.4573996,Female
pop,1788641,25-29,15057787,Female
case of NMSC in 2016,3.9350102,25-29,52.7022545,Female
pop,2188292,25-29,16494026,Female
case of NMSC in 2017,3.0636088,25-29,44.5338702,Female
pop,2519946,25-29,18990123,Female
case of NMSC in 2018,3.0239352,25-29,51.2733321,Female
Incident of NMSC in 2005,0,30-34,0.26,Female
Incident of NMSC in 2006,0,30-34,0.08,Female
Incident of NMSC in 2007,0,30-34,0.3,Female
Incident of NMSC in 2008,0.49,30-34,0.4,Female
Incident of NMSC in 2009,0,30-34,0.27,Female
Incident of NMSC in 2010,0,30-34,0.39,Female
Incident of NMSC in 2011,0,30-34,0.25,Female
Incident of NMSC in 2012,0.23,30-34,0.33,Female
Incident of NMSC in 2013,0,30-34,0.39,Female
Incident of NMSC in 2014,0,30-34,0.3,Female
Incident of NMSC in 2015,0,30-34,0.4,Female
Incident of NMSC in 2016,0.22,30-34,0.43,Female
Incident of NMSC in 2017,0.14,30-34,0.43,Female
Incident of NMSC in 2018,0.12,30-34,0.44,Female
Incident of NMSC in 2018,0-,30-34,30-34,Female
pop,155305,30-34,2269902,Female
case of NMSC in 2005,0,30-34,5.9017452,Female
pop,174563,30-34,2449914,Female
case of NMSC in 2006,0,30-34,1.9599312,Female
pop,191701,30-34,2337215,Female
case of NMSC in 2007,0,30-34,7.011645,Female
pop,204918,30-34,2498796,Female
case of NMSC in 2008,1.0040982,30-34,9.995184,Female
pop,292891,30-34,3294092,Female
case of NMSC in 2009,0,30-34,8.8940484,Female
pop,486435,30-34,4809513,Female
case of NMSC in 2010,0,30-34,18.7571007,Female
pop,612356,30-34,5633034,Female
case of NMSC in 2011,0,30-34,14.082585,Female
pop,882447,30-34,7627051,Female
case of NMSC in 2012,2.0296281,30-34,25.1692683,Female
pop,991430,30-34,8515951,Female
case of NMSC in 2013,0,30-34,33.2122089,Female
pop,1321862,30-34,10798011,Female
case of NMSC in 2014,0,30-34,32.394033,Female
pop,1416150,30-34,12071550,Female
case of NMSC in 2015,0,30-34,48.2862,Female
pop,1788641,30-34,13846099,Female
case of NMSC in 2016,3.9350102,30-34,59.5382257,Female
pop,2188292,30-34,15952169,Female
case of NMSC in 2017,3.0636088,30-34,68.5943267,Female
pop,2519946,30-34,19198385,Female
case of NMSC in 2018,3.0239352,30-34,84.472894,Female
Incident of NMSC in 2005,0,35-39,0.66,Female
Incident of NMSC in 2006,0,35-39,0.61,Female
Incident of NMSC in 2007,0,35-39,0.57,Female
Incident of NMSC in 2008,0.49,35-39,0.45,Female
Incident of NMSC in 2009,0,35-39,0.41,Female
Incident of NMSC in 2010,0,35-39,0.56,Female
Incident of NMSC in 2011,0,35-39,0.64,Female
Incident of NMSC in 2012,0.23,35-39,0.52,Female
Incident of NMSC in 2013,0,35-39,0.56,Female
Incident of NMSC in 2014,0,35-39,0.56,Female
Incident of NMSC in 2015,0,35-39,0.57,Female
Incident of NMSC in 2016,0.22,35-39,0.51,Female
Incident of NMSC in 2017,0.14,35-39,0.59,Female
Incident of NMSC in 2018,0.12,35-39,0.58,Female
Incident of NMSC in 2018,0-,35-39,35-39,Female
pop,155305,35-39,2258323,Female
case of NMSC in 2005,0,35-39,14.9049318,Female
pop,174563,35-39,2642616,Female
case of NMSC in 2006,0,35-39,16.1199576,Female
pop,191701,35-39,2636017,Female
case of NMSC in 2007,0,35-39,15.0252969,Female
pop,204918,35-39,2870390,Female
case of NMSC in 2008,1.0040982,35-39,12.916755,Female
pop,292891,35-39,3643974,Female
case of NMSC in 2009,0,35-39,14.9402934,Female
pop,486435,35-39,5313020,Female
case of NMSC in 2010,0,35-39,29.752912,Female
pop,612356,35-39,6070466,Female
case of NMSC in 2011,0,35-39,38.8509824,Female
pop,882447,35-39,7913141,Female
case of NMSC in 2012,2.0296281,35-39,41.1483332,Female
pop,991430,35-39,8773968,Female
case of NMSC in 2013,0,35-39,49.1342208,Female
pop,1321862,35-39,10983789,Female
case of NMSC in 2014,0,35-39,61.5092184,Female
pop,1416150,35-39,11876947,Female
case of NMSC in 2015,0,35-39,67.6985979,Female
pop,1788641,35-39,14393216,Female
case of NMSC in 2016,3.9350102,35-39,73.4054016,Female
pop,2188292,35-39,16658626,Female
case of NMSC in 2017,3.0636088,35-39,98.2858934,Female
pop,2519946,35-39,19801472,Female
case of NMSC in 2018,3.0239352,35-39,114.8485376,Female
Incident of NMSC in 2005,0,40-44,0.86,Female
Incident of NMSC in 2006,0,40-44,1.01,Female
Incident of NMSC in 2007,0,40-44,0.84,Female
Incident of NMSC in 2008,0.49,40-44,0.75,Female
Incident of NMSC in 2009,0,40-44,0.84,Female
Incident of NMSC in 2010,0,40-44,0.92,Female
Incident of NMSC in 2011,0,40-44,0.74,Female
Incident of NMSC in 2012,0.23,40-44,0.91,Female
Incident of NMSC in 2013,0,40-44,0.92,Female
Incident of NMSC in 2014,0,40-44,0.88,Female
Incident of NMSC in 2015,0,40-44,0.8,Female
Incident of NMSC in 2016,0.22,40-44,0.76,Female
Incident of NMSC in 2017,0.14,40-44,0.83,Female
Incident of NMSC in 2018,0.12,40-44,0.67,Female
Incident of NMSC in 2018,0-,40-44,40-44,Female
pop,155305,40-44,2444537,Female
case of NMSC in 2005,0,40-44,21.0230182,Female
pop,174563,40-44,2683690,Female
case of NMSC in 2006,0,40-44,27.105269,Female
pop,191701,40-44,2628619,Female
case of NMSC in 2007,0,40-44,22.0803996,Female
pop,204918,40-44,2788576,Female
case of NMSC in 2008,1.0040982,40-44,20.91432,Female
pop,292891,40-44,3561545,Female
case of NMSC in 2009,0,40-44,29.916978,Female
pop,486435,40-44,5371195,Female
case of NMSC in 2010,0,40-44,49.414994,Female
pop,612356,40-44,6349482,Female
case of NMSC in 2011,0,40-44,46.9861668,Female
pop,882447,40-44,8866584,Female
case of NMSC in 2012,2.0296281,40-44,80.6859144,Female
pop,991430,40-44,10066117,Female
case of NMSC in 2013,0,40-44,92.6082764,Female
pop,1321862,40-44,12450713,Female
case of NMSC in 2014,0,40-44,109.5662744,Female
pop,1416150,40-44,13406894,Female
case of NMSC in 2015,0,40-44,107.255152,Female
pop,1788641,40-44,15571517,Female
case of NMSC in 2016,3.9350102,40-44,118.3435292,Female
pop,2188292,40-44,17374265,Female
case of NMSC in 2017,3.0636088,40-44,144.2063995,Female
pop,2519946,40-44,20383467,Female
case of NMSC in 2018,3.0239352,40-44,136.5692289,Female
Incident of NMSC in 2005,0,45-49,1.34,Female
Incident of NMSC in 2006,0,45-49,0.84,Female
Incident of NMSC in 2007,0,45-49,1.12,Female
Incident of NMSC in 2008,0.49,45-49,1.22,Female
Incident of NMSC in 2009,0,45-49,0.91,Female
Incident of NMSC in 2010,0,45-49,0.97,Female
Incident of NMSC in 2011,0,45-49,1.09,Female
Incident of NMSC in 2012,0.23,45-49,1.38,Female
Incident of NMSC in 2013,0,45-49,0.97,Female
Incident of NMSC in 2014,0,45-49,1.12,Female
Incident of NMSC in 2015,0,45-49,1.25,Female
Incident of NMSC in 2016,0.22,45-49,1.12,Female
Incident of NMSC in 2017,0.14,45-49,1.34,Female
Incident of NMSC in 2018,0.12,45-49,1.27,Female
Incident of NMSC in 2018,0-,45-49,45-49,Female
pop,155305,45-49,2381166,Female
case of NMSC in 2005,0,45-49,31.9076244,Female
pop,174563,45-49,2503272,Female
case of NMSC in 2006,0,45-49,21.0274848,Female
pop,191701,45-49,2414244,Female
case of NMSC in 2007,0,45-49,27.0395328,Female
pop,204918,45-49,2793057,Female
case of NMSC in 2008,1.0040982,45-49,34.0752954,Female
pop,292891,45-49,3609939,Female
case of NMSC in 2009,0,45-49,32.8504449,Female
pop,486435,45-49,5255654,Female
case of NMSC in 2010,0,45-49,50.9798438,Female
pop,612356,45-49,6228983,Female
case of NMSC in 2011,0,45-49,67.8959147,Female
pop,882447,45-49,8449493,Female
case of NMSC in 2012,2.0296281,45-49,116.6030034,Female
pop,991430,45-49,9706885,Female
case of NMSC in 2013,0,45-49,94.1567845,Female
pop,1321862,45-49,12307504,Female
case of NMSC in 2014,0,45-49,137.8440448,Female
pop,1416150,45-49,13962710,Female
case of NMSC in 2015,0,45-49,174.533875,Female
pop,1788641,45-49,16937078,Female
case of NMSC in 2016,3.9350102,45-49,189.6952736,Female
pop,2188292,45-49,19536061,Female
case of NMSC in 2017,3.0636088,45-49,261.7832174,Female
pop,2519946,45-49,23040048,Female
case of NMSC in 2018,3.0239352,45-49,292.6086096,Female
Incident of NMSC in 2005,0,50-54,1.33,Female
Incident of NMSC in 2006,0,50-54,1.49,Female
Incident of NMSC in 2007,0,50-54,1.85,Female
Incident of NMSC in 2008,0.49,50-54,1.53,Female
Incident of NMSC in 2009,0,50-54,1.32,Female
Incident of NMSC in 2010,0,50-54,1.54,Female
Incident of NMSC in 2011,0,50-54,1.46,Female
Incident of NMSC in 2012,0.23,50-54,1.81,Female
Incident of NMSC in 2013,0,50-54,1.54,Female
Incident of NMSC in 2014,0,50-54,1.81,Female
Incident of NMSC in 2015,0,50-54,1.82,Female
Incident of NMSC in 2016,0.22,50-54,2.18,Female
Incident of NMSC in 2017,0.14,50-54,2.22,Female
Incident of NMSC in 2018,0.12,50-54,2.15,Female
Incident of NMSC in 2018,0-,50-54,50-54,Female
pop,155305,50-54,2032322,Female
case of NMSC in 2005,0,50-54,27.0298826,Female
pop,174563,50-54,2285926,Female
case of NMSC in 2006,0,50-54,34.0602974,Female
pop,191701,50-54,2323058,Female
case of NMSC in 2007,0,50-54,42.976573,Female
pop,204918,50-54,2739322,Female
case of NMSC in 2008,1.0040982,50-54,41.9116266,Female
pop,292891,50-54,3268616,Female
case of NMSC in 2009,0,50-54,43.1457312,Female
pop,486435,50-54,4552651,Female
case of NMSC in 2010,0,50-54,70.1108254,Female
pop,612356,50-54,5084474,Female
case of NMSC in 2011,0,50-54,74.2333204,Female
pop,882447,50-54,6699404,Female
case of NMSC in 2012,2.0296281,50-54,121.2592124,Female
pop,991430,50-54,7816449,Female
case of NMSC in 2013,0,50-54,120.3733146,Female
pop,1321862,50-54,10246073,Female
case of NMSC in 2014,0,50-54,185.4539213,Female
pop,1416150,50-54,11997873,Female
case of NMSC in 2015,0,50-54,218.3612886,Female
pop,1788641,50-54,14201829,Female
case of NMSC in 2016,3.9350102,50-54,309.5998722,Female
pop,2188292,50-54,16196844,Female
case of NMSC in 2017,3.0636088,50-54,359.5699368,Female
pop,2519946,50-54,19306199,Female
case of NMSC in 2018,3.0239352,50-54,415.0832785,Female
Incident of NMSC in 2005,0,55-59,2.63,Female
Incident of NMSC in 2006,0,55-59,2.96,Female
Incident of NMSC in 2007,0,55-59,2.52,Female
Incident of NMSC in 2008,0.49,55-59,3.34,Female
Incident of NMSC in 2009,0,55-59,2.63,Female
Incident of NMSC in 2010,0,55-59,2.8,Female
Incident of NMSC in 2011,0,55-59,3.01,Female
Incident of NMSC in 2012,0.23,55-59,3.25,Female
Incident of NMSC in 2013,0,55-59,2.8,Female
Incident of NMSC in 2014,0,55-59,2.23,Female
Incident of NMSC in 2015,0,55-59,2.81,Female
Incident of NMSC in 2016,0.22,55-59,2.46,Female
Incident of NMSC in 2017,0.14,55-59,2.38,Female
Incident of NMSC in 2018,0.12,55-59,2.69,Female
Incident of NMSC in 2018,0-,55-59,55-59,Female
pop,155305,55-59,1409502,Female
case of NMSC in 2005,0,55-59,37.0699026,Female
pop,174563,55-59,1588109,Female
case of NMSC in 2006,0,55-59,47.0080264,Female
pop,191701,55-59,1665629,Female
case of NMSC in 2007,0,55-59,41.9738508,Female
pop,204918,55-59,2066242,Female
case of NMSC in 2008,1.0040982,55-59,69.0124828,Female
pop,292891,55-59,2733907,Female
case of NMSC in 2009,0,55-59,71.9017541,Female
pop,486435,55-59,4084984,Female
case of NMSC in 2010,0,55-59,114.379552,Female
pop,612356,55-59,5008514,Female
case of NMSC in 2011,0,55-59,150.7562714,Female
pop,882447,55-59,6985878,Female
case of NMSC in 2012,2.0296281,55-59,227.041035,Female
pop,991430,55-59,8061197,Female
case of NMSC in 2013,0,55-59,225.713516,Female
pop,1321862,55-59,9861510,Female
case of NMSC in 2014,0,55-59,219.911673,Female
pop,1416150,55-59,10455327,Female
case of NMSC in 2015,0,55-59,293.7946887,Female
pop,1788641,55-59,12131389,Female
case of NMSC in 2016,3.9350102,55-59,298.4321694,Female
pop,2188292,55-59,13539831,Female
case of NMSC in 2017,3.0636088,55-59,322.2479778,Female
pop,2519946,55-59,16708862,Female
case of NMSC in 2018,3.0239352,55-59,449.4683878,Female
Incident of NMSC in 2005,0,60-64,3.44,Female
Incident of NMSC in 2006,0,60-64,4,Female
Incident of NMSC in 2007,0,60-64,4.32,Female
Incident of NMSC in 2008,0.49,60-64,4.12,Female
Incident of NMSC in 2009,0,60-64,3.84,Female
Incident of NMSC in 2010,0,60-64,3.95,Female
Incident of NMSC in 2011,0,60-64,4.09,Female
Incident of NMSC in 2012,0.23,60-64,4.18,Female
Incident of NMSC in 2013,0,60-64,3.78,Female
Incident of NMSC in 2014,0,60-64,4.42,Female
Incident of NMSC in 2015,0,60-64,4.32,Female
Incident of NMSC in 2016,0.22,60-64,4.36,Female
Incident of NMSC in 2017,0.14,60-64,4.28,Female
Incident of NMSC in 2018,0.12,60-64,4.7,Female
Incident of NMSC in 2018,0-,60-64,60-64,Female
pop,155305,60-64,1075480,Female
case of NMSC in 2005,0,60-64,36.996512,Female
pop,174563,60-64,1198855,Female
case of NMSC in 2006,0,60-64,47.9542,Female
pop,191701,60-64,1250034,Female
case of NMSC in 2007,0,60-64,54.0014688,Female
pop,204918,60-64,1503302,Female
case of NMSC in 2008,1.0040982,60-64,61.9360424,Female
pop,292891,60-64,1954947,Female
case of NMSC in 2009,0,60-64,75.0699648,Female
pop,486435,60-64,2887210,Female
case of NMSC in 2010,0,60-64,114.044795,Female
pop,612356,60-64,3542509,Female
case of NMSC in 2011,0,60-64,144.8886181,Female
pop,882447,60-64,5028979,Female
case of NMSC in 2012,2.0296281,60-64,210.2113222,Female
pop,991430,60-64,6086285,Female
case of NMSC in 2013,0,60-64,230.061573,Female
pop,1321862,60-64,8062979,Female
case of NMSC in 2014,0,60-64,356.3836718,Female
pop,1416150,60-64,9366577,Female
case of NMSC in 2015,0,60-64,404.6361264,Female
pop,1788641,60-64,11386814,Female
case of NMSC in 2016,3.9350102,60-64,496.4650904,Female
pop,2188292,60-64,13144245,Female
case of NMSC in 2017,3.0636088,60-64,562.573686,Female
pop,2519946,60-64,15611141,Female
case of NMSC in 2018,3.0239352,60-64,733.723627,Female
Incident of NMSC in 2005,0,65-69,5.67,Female
Incident of NMSC in 2006,0,65-69,4.89,Female
Incident of NMSC in 2007,0,65-69,5.4,Female
Incident of NMSC in 2008,0.49,65-69,5.17,Female
Incident of NMSC in 2009,0,65-69,5.36,Female
Incident of NMSC in 2010,0,65-69,4.53,Female
Incident of NMSC in 2011,0,65-69,5.93,Female
Incident of NMSC in 2012,0.23,65-69,6.49,Female
Incident of NMSC in 2013,0,65-69,5.36,Female
Incident of NMSC in 2014,0,65-69,5.88,Female
Incident of NMSC in 2015,0,65-69,5.83,Female
Incident of NMSC in 2016,0.22,65-69,6.2,Female
Incident of NMSC in 2017,0.14,65-69,6.4,Female
Incident of NMSC in 2018,0.12,65-69,7.01,Female
Incident of NMSC in 2018,0-,65-69,65-69,Female
pop,155305,65-69,1057865,Female
case of NMSC in 2005,0,65-69,59.9809455,Female
pop,174563,65-69,1125686,Female
case of NMSC in 2006,0,65-69,55.0460454,Female
pop,191701,65-69,1111722,Female
case of NMSC in 2007,0,65-69,60.032988,Female
pop,204918,65-69,1200246,Female
case of NMSC in 2008,1.0040982,65-69,62.0527182,Female
pop,292891,65-69,1492917,Female
case of NMSC in 2009,0,65-69,80.0203512,Female
pop,486435,65-69,2141523,Female
case of NMSC in 2010,0,65-69,97.0109919,Female
pop,612356,65-69,2579211,Female
case of NMSC in 2011,0,65-69,152.9472123,Female
pop,882447,65-69,3543202,Female
case of NMSC in 2012,2.0296281,65-69,229.9538098,Female
pop,991430,65-69,4237380,Female
case of NMSC in 2013,0,65-69,227.123568,Female
pop,1321862,65-69,5626648,Female
case of NMSC in 2014,0,65-69,330.8469024,Female
pop,1416150,65-69,6588261,Female
case of NMSC in 2015,0,65-69,384.0956163,Female
pop,1788641,65-69,8235724,Female
case of NMSC in 2016,3.9350102,65-69,510.614888,Female
pop,2188292,65-69,9780861,Female
case of NMSC in 2017,3.0636088,65-69,625.975104,Female
pop,2519946,65-69,12319000,Female
case of NMSC in 2018,3.0239352,65-69,863.5619,Female
Incident of NMSC in 2005,0,70-74,7.65,Female
Incident of NMSC in 2006,0,70-74,8.52,Female
Incident of NMSC in 2007,0,70-74,9.24,Female
Incident of NMSC in 2008,0.49,70-74,11.11,Female
Incident of NMSC in 2009,0,70-74,8.12,Female
Incident of NMSC in 2010,0,70-74,6.39,Female
Incident of NMSC in 2011,0,70-74,9.26,Female
Incident of NMSC in 2012,0.23,70-74,8.22,Female
Incident of NMSC in 2013,0,70-74,8.63,Female
Incident of NMSC in 2014,0,70-74,8.91,Female
Incident of NMSC in 2015,0,70-74,8.63,Female
Incident of NMSC in 2016,0.22,70-74,9.47,Female
Incident of NMSC in 2017,0.14,70-74,9.24,Female
Incident of NMSC in 2018,0.12,70-74,11.09,Female
Incident of NMSC in 2018,0-,70-74,70-74,Female
pop,155305,70-74,927751,Female
case of NMSC in 2005,0,70-74,70.9729515,Female
pop,174563,70-74,1021043,Female
case of NMSC in 2006,0,70-74,86.9928636,Female
pop,191701,70-74,1028102,Female
case of NMSC in 2007,0,70-74,94.9966248,Female
pop,204918,70-74,1160933,Female
case of NMSC in 2008,1.0040982,70-74,128.9796563,Female
pop,292891,70-74,1367135,Female
case of NMSC in 2009,0,70-74,111.011362,Female
pop,486435,70-74,1908171,Female
case of NMSC in 2010,0,70-74,121.9321269,Female
pop,612356,70-74,2169921,Female
case of NMSC in 2011,0,70-74,200.9346846,Female
pop,882447,70-74,2870922,Female
case of NMSC in 2012,2.0296281,70-74,235.9897884,Female
pop,991430,70-74,3291473,Female
case of NMSC in 2013,0,70-74,284.0541199,Female
pop,1321862,70-74,4198659,Female
case of NMSC in 2014,0,70-74,374.1005169,Female
pop,1416150,70-74,4866170,Female
case of NMSC in 2015,0,70-74,419.950471,Female
pop,1788641,70-74,5882212,Female
case of NMSC in 2016,3.9350102,70-74,557.0454764,Female
pop,2188292,70-74,6881776,Female
case of NMSC in 2017,3.0636088,70-74,635.8761024,Female
pop,2519946,70-74,8547333,Female
case of NMSC in 2018,3.0239352,70-74,947.8992297,Female
Incident of NMSC in 2005,0,75-79,13.36,Female
Incident of NMSC in 2006,0,75-79,10.76,Female
Incident of NMSC in 2007,0,75-79,13.06,Female
Incident of NMSC in 2008,0.49,75-79,14.58,Female
Incident of NMSC in 2009,0,75-79,12.94,Female
Incident of NMSC in 2010,0,75-79,12.16,Female
Incident of NMSC in 2011,0,75-79,12.64,Female
Incident of NMSC in 2012,0.23,75-79,13.01,Female
Incident of NMSC in 2013,0,75-79,12.49,Female
Incident of NMSC in 2014,0,75-79,12.93,Female
Incident of NMSC in 2015,0,75-79,13.16,Female
Incident of NMSC in 2016,0.22,75-79,13.69,Female
Incident of NMSC in 2017,0.14,75-79,14.32,Female
Incident of NMSC in 2018,0.12,75-79,15.01,Female
Incident of NMSC in 2018,0-,75-79,75-79,Female
pop,155305,75-79,628733,Female
case of NMSC in 2005,0,75-79,83.9987288,Female
pop,174563,75-79,696740,Female
case of NMSC in 2006,0,75-79,74.969224,Female
pop,191701,75-79,704616,Female
case of NMSC in 2007,0,75-79,92.0228496,Female
pop,204918,75-79,864151,Female
case of NMSC in 2008,1.0040982,75-79,125.9932158,Female
pop,292891,75-79,1051034,Female
case of NMSC in 2009,0,75-79,136.0037996,Female
pop,486435,75-79,1529005,Female
case of NMSC in 2010,0,75-79,185.927008,Female
pop,612356,75-79,1803533,Female
case of NMSC in 2011,0,75-79,227.9665712,Female
pop,882447,75-79,2428431,Female
case of NMSC in 2012,2.0296281,75-79,315.9388731,Female
pop,991430,75-79,2785738,Female
case of NMSC in 2013,0,75-79,347.9386762,Female
pop,1321862,75-79,3502144,Female
case of NMSC in 2014,0,75-79,452.8272192,Female
pop,1416150,75-79,3875659,Female
case of NMSC in 2015,0,75-79,510.0367244,Female
pop,1788641,75-79,4579432,Female
case of NMSC in 2016,3.9350102,75-79,626.9242408,Female
pop,2188292,75-79,5238141,Female
case of NMSC in 2017,3.0636088,75-79,750.1017912,Female
pop,2519946,75-79,6302079,Female
case of NMSC in 2018,3.0239352,75-79,945.9420579,Female
Incident of NMSC in 2005,0,80-84,12.09,Female
Incident of NMSC in 2006,0,80-84,18.85,Female
Incident of NMSC in 2007,0,80-84,18.7,Female
Incident of NMSC in 2008,0.49,80-84,19.56,Female
Incident of NMSC in 2009,0,80-84,19.03,Female
Incident of NMSC in 2010,0,80-84,15.8,Female
Incident of NMSC in 2011,0,80-84,18.88,Female
Incident of NMSC in 2012,0.23,80-84,20.02,Female
Incident of NMSC in 2013,0,80-84,17.42,Female
Incident of NMSC in 2014,0,80-84,19.49,Female
Incident of NMSC in 2015,0,80-84,19.7,Female
Incident of NMSC in 2016,0.22,80-84,20.5,Female
Incident of NMSC in 2017,0.14,80-84,21.09,Female
Incident of NMSC in 2018,0.12,80-84,22.44,Female
Incident of NMSC in 2018,0-,80-84,80-84,Female
pop,155305,80-84,363891,Female
case of NMSC in 2005,0,80-84,43.9944219,Female
pop,174563,80-84,403278,Female
case of NMSC in 2006,0,80-84,76.017903,Female
pop,191701,80-84,417135,Female
case of NMSC in 2007,0,80-84,78.004245,Female
pop,204918,80-84,516355,Female
case of NMSC in 2008,1.0040982,80-84,100.999038,Female
pop,292891,80-84,625393,Female
case of NMSC in 2009,0,80-84,119.0122879,Female
pop,486435,80-84,917595,Female
case of NMSC in 2010,0,80-84,144.98001,Female
pop,612356,80-84,1086017,Female
case of NMSC in 2011,0,80-84,205.0400096,Female
pop,882447,80-84,1507561,Female
case of NMSC in 2012,2.0296281,80-84,301.8137122,Female
pop,991430,80-84,1762244,Female
case of NMSC in 2013,0,80-84,306.9829048,Female
pop,1321862,80-84,2318947,Female
case of NMSC in 2014,0,80-84,451.9627703,Female
pop,1416150,80-84,2670297,Female
case of NMSC in 2015,0,80-84,526.048509,Female
pop,1788641,80-84,3214901,Female
case of NMSC in 2016,3.9350102,80-84,659.054705,Female
pop,2188292,80-84,3699088,Female
case of NMSC in 2017,3.0636088,80-84,780.1376592,Female
pop,2519946,80-84,4456919,Female
case of NMSC in 2018,3.0239352,80-84,1000.1326236,Female
Incident of NMSC in 2005,0,85+,19.94,Female
Incident of NMSC in 2006,0,85+,31.5,Female
Incident of NMSC in 2007,0,85+,31.19,Female
Incident of NMSC in 2008,0.49,85+,27.52,Female
Incident of NMSC in 2009,0,85+,26.17,Female
Incident of NMSC in 2010,0,85+,20.51,Female
Incident of NMSC in 2011,0,85+,27.29,Female
Incident of NMSC in 2012,0.23,85+,29.68,Female
Incident of NMSC in 2013,0,85+,24.75,Female
Incident of NMSC in 2014,0,85+,27.73,Female
Incident of NMSC in 2015,0,85+,28.01,Female
Incident of NMSC in 2016,0.22,85+,29.28,Female
Incident of NMSC in 2017,0.14,85+,30.34,Female
Incident of NMSC in 2018,0.12,85+,35.68,Female
Incident of NMSC in 2018,0-,85+,85+,Female
pop,155305,85+,230721,Female
case of NMSC in 2005,0,85+,46.0057674,Female
pop,174563,85+,253930,Female
case of NMSC in 2006,0,85+,79.98795,Female
pop,191701,85+,266072,Female
case of NMSC in 2007,0,85+,82.9878568,Female
pop,204918,85+,341586,Female
case of NMSC in 2008,1.0040982,85+,94.0044672,Female
pop,292891,85+,412763,Female
case of NMSC in 2009,0,85+,108.0200771,Female
pop,486435,85+,589813,Female
case of NMSC in 2010,0,85+,120.9706463,Female
pop,612356,85+,703547,Female
case of NMSC in 2011,0,85+,191.9979763,Female
pop,882447,85+,983724,Female
case of NMSC in 2012,2.0296281,85+,291.9692832,Female
pop,991430,85+,1187642,Female
case of NMSC in 2013,0,85+,293.941395,Female
pop,1321862,85+,1615316,Female
case of NMSC in 2014,0,85+,447.9271268,Female
pop,1416150,85+,1970903,Female
case of NMSC in 2015,0,85+,552.0499303,Female
pop,1788641,85+,2363767,Female
case of NMSC in 2016,3.9350102,85+,692.1109776,Female
pop,2188292,85+,2745617,Female
case of NMSC in 2017,3.0636088,85+,833.0201978,Female
pop,2519946,85+,3377404,Female
case of NMSC in 2018,3.0239352,85+,1205.0577472,Female
Incident of NMSC in 2005,0,1-4,0.11,Urban
Incident of NMSC in 2006,0,1-4,0.09,Urban
Incident of NMSC in 2007,0,1-4,0,Urban
Incident of NMSC in 2008,0.31,1-4,0.07,Urban
Incident of NMSC in 2009,0.26,1-4,0.06,Urban
Incident of NMSC in 2010,0,1-4,0.08,Urban
Incident of NMSC in 2011,0,1-4,0.07,Urban
Incident of NMSC in 2012,0.24,1-4,0.03,Urban
Incident of NMSC in 2013,0.11,1-4,0.1,Urban
Incident of NMSC in 2014,0,1-4,0.04,Urban
Incident of NMSC in 2015,0,1-4,0.05,Urban
Incident of NMSC in 2016,0.22,1-4,0.04,Urban
Incident of NMSC in 2017,0.04,1-4,0.13,Urban
Incident of NMSC in 2018,0.08,1-4,0.09,Urban
Incident of NMSC in 2018,0-,1-4,1-4,Urban
pop,196647,1-4,942781,Urban
case of NMSC in 2005,0,1-4,1.0370591,Urban
pop,246212,1-4,1144961,Urban
case of NMSC in 2006,0,1-4,1.0304649,Urban
pop,256582,1-4,1081901,Urban
case of NMSC in 2007,0,1-4,0,Urban
pop,320424,1-4,1390007,Urban
case of NMSC in 2008,0.9933144,1-4,0.9730049,Urban
pop,384131,1-4,1691678,Urban
case of NMSC in 2009,0.9987406,1-4,1.0150068,Urban
pop,595402,1-4,2632533,Urban
case of NMSC in 2010,0,1-4,2.1060264,Urban
pop,688959,1-4,2995203,Urban
case of NMSC in 2011,0,1-4,2.0966421,Urban
pop,841767,1-4,3392704,Urban
case of NMSC in 2012,2.0202408,1-4,1.0178112,Urban
pop,923346,1-4,3905782,Urban
case of NMSC in 2013,1.0156806,1-4,3.905782,Urban
pop,1275248,1-4,5320656,Urban
case of NMSC in 2014,0,1-4,2.1282624,Urban
pop,1352817,1-4,6032410,Urban
case of NMSC in 2015,0,1-4,3.016205,Urban
pop,1851490,1-4,7766990,Urban
case of NMSC in 2016,4.073278,1-4,3.106796,Urban
pop,2253504,1-4,9354770,Urban
case of NMSC in 2017,0.9014016,1-4,12.161201,Urban
pop,2408681,1-4,10546850,Urban
case of NMSC in 2018,1.9269448,1-4,9.492165,Urban
Incident of NMSC in 2005,0,5-9,0,Urban
Incident of NMSC in 2006,0,5-9,0.06,Urban
Incident of NMSC in 2007,0,5-9,0.06,Urban
Incident of NMSC in 2008,0.31,5-9,0,Urban
Incident of NMSC in 2009,0.26,5-9,0.05,Urban
Incident of NMSC in 2010,0,5-9,0.03,Urban
Incident of NMSC in 2011,0,5-9,0.08,Urban
Incident of NMSC in 2012,0.24,5-9,0.1,Urban
Incident of NMSC in 2013,0.11,5-9,0.07,Urban
Incident of NMSC in 2014,0,5-9,0.05,Urban
Incident of NMSC in 2015,0,5-9,0.06,Urban
Incident of NMSC in 2016,0.22,5-9,0.08,Urban
Incident of NMSC in 2017,0.04,5-9,0.06,Urban
Incident of NMSC in 2018,0.08,5-9,0.05,Urban
Incident of NMSC in 2018,0-,5-9,5-9,Urban
pop,196647,5-9,1595741,Urban
case of NMSC in 2005,0,5-9,0,Urban
pop,246212,5-9,1769989,Urban
case of NMSC in 2006,0,5-9,1.0619934,Urban
pop,256582,5-9,1602218,Urban
case of NMSC in 2007,0,5-9,0.9613308,Urban
pop,320424,5-9,1839133,Urban
case of NMSC in 2008,0.9933144,5-9,0,Urban
pop,384131,5-9,2109210,Urban
case of NMSC in 2009,0.9987406,5-9,1.054605,Urban
pop,595402,5-9,3255545,Urban
case of NMSC in 2010,0,5-9,0.9766635,Urban
pop,688959,5-9,3574164,Urban
case of NMSC in 2011,0,5-9,2.8593312,Urban
pop,841767,5-9,3857440,Urban
case of NMSC in 2012,2.0202408,5-9,3.85744,Urban
pop,923346,5-9,4570482,Urban
case of NMSC in 2013,1.0156806,5-9,3.1993374,Urban
pop,1275248,5-9,6113824,Urban
case of NMSC in 2014,0,5-9,3.056912,Urban
pop,1352817,5-9,6753253,Urban
case of NMSC in 2015,0,5-9,4.0519518,Urban
pop,1851490,5-9,9047144,Urban
case of NMSC in 2016,4.073278,5-9,7.2377152,Urban
pop,2253504,5-9,10924785,Urban
case of NMSC in 2017,0.9014016,5-9,6.554871,Urban
pop,2408681,5-9,12070648,Urban
case of NMSC in 2018,1.9269448,5-9,6.035324,Urban
Incident of NMSC in 2005,0,10-14,0.05,Urban
Incident of NMSC in 2006,0,10-14,0.13,Urban
Incident of NMSC in 2007,0,10-14,0.14,Urban
Incident of NMSC in 2008,0.31,10-14,0.08,Urban
Incident of NMSC in 2009,0.26,10-14,0.11,Urban
Incident of NMSC in 2010,0,10-14,0.05,Urban
Incident of NMSC in 2011,0,10-14,0.12,Urban
Incident of NMSC in 2012,0.24,10-14,0,Urban
Incident of NMSC in 2013,0.11,10-14,0.12,Urban
Incident of NMSC in 2014,0,10-14,0.17,Urban
Incident of NMSC in 2015,0,10-14,0.15,Urban
Incident of NMSC in 2016,0.22,10-14,0.1,Urban
Incident of NMSC in 2017,0.04,10-14,0.13,Urban
Incident of NMSC in 2018,0.08,10-14,0.08,Urban
Incident of NMSC in 2018,0-,10-14,10-14,Urban
pop,196647,10-14,2118775,Urban
case of NMSC in 2005,0,10-14,1.0593875,Urban
pop,246212,10-14,2378075,Urban
case of NMSC in 2006,0,10-14,3.0914975,Urban
pop,256582,10-14,2115986,Urban
case of NMSC in 2007,0,10-14,2.9623804,Urban
pop,320424,10-14,2376365,Urban
case of NMSC in 2008,0.9933144,10-14,1.901092,Urban
pop,384131,10-14,2642449,Urban
case of NMSC in 2009,0.9987406,10-14,2.9066939,Urban
pop,595402,10-14,3860128,Urban
case of NMSC in 2010,0,10-14,1.930064,Urban
pop,688959,10-14,4058756,Urban
case of NMSC in 2011,0,10-14,4.8705072,Urban
pop,841767,10-14,4082043,Urban
case of NMSC in 2012,2.0202408,10-14,0,Urban
pop,923346,10-14,4298465,Urban
case of NMSC in 2013,1.0156806,10-14,5.158158,Urban
pop,1275248,10-14,5735117,Urban
case of NMSC in 2014,0,10-14,9.7496989,Urban
pop,1352817,10-14,6174671,Urban
case of NMSC in 2015,0,10-14,9.2620065,Urban
pop,1851490,10-14,8149691,Urban
case of NMSC in 2016,4.073278,10-14,8.149691,Urban
pop,2253504,10-14,9467325,Urban
case of NMSC in 2017,0.9014016,10-14,12.3075225,Urban
pop,2408681,10-14,10897060,Urban
case of NMSC in 2018,1.9269448,10-14,8.717648,Urban
Incident of NMSC in 2005,0,15-19,0.13,Urban
Incident of NMSC in 2006,0,15-19,0.21,Urban
Incident of NMSC in 2007,0,15-19,0.06,Urban
Incident of NMSC in 2008,0.31,15-19,0.33,Urban
Incident of NMSC in 2009,0.26,15-19,0.03,Urban
Incident of NMSC in 2010,0,15-19,0.09,Urban
Incident of NMSC in 2011,0,15-19,0.19,Urban
Incident of NMSC in 2012,0.24,15-19,0.09,Urban
Incident of NMSC in 2013,0.11,15-19,0.07,Urban
Incident of NMSC in 2014,0,15-19,0.13,Urban
Incident of NMSC in 2015,0,15-19,0.22,Urban
Incident of NMSC in 2016,0.22,15-19,0.12,Urban
Incident of NMSC in 2017,0.04,15-19,0.24,Urban
Incident of NMSC in 2018,0.08,15-19,0.16,Urban
Incident of NMSC in 2018,0-,15-19,15-19,Urban
pop,196647,15-19,3107960,Urban
case of NMSC in 2005,0,15-19,4.040348,Urban
pop,246212,15-19,3303648,Urban
case of NMSC in 2006,0,15-19,6.9376608,Urban
pop,256582,15-19,3116729,Urban
case of NMSC in 2007,0,15-19,1.8700374,Urban
pop,320424,15-19,3290178,Urban
case of NMSC in 2008,0.9933144,15-19,10.8575874,Urban
pop,384131,15-19,3526101,Urban
case of NMSC in 2009,0.9987406,15-19,1.0578303,Urban
pop,595402,15-19,4565411,Urban
case of NMSC in 2010,0,15-19,4.1088699,Urban
pop,688959,15-19,4822662,Urban
case of NMSC in 2011,0,15-19,9.1630578,Urban
pop,841767,15-19,5401778,Urban
case of NMSC in 2012,2.0202408,15-19,4.8616002,Urban
pop,923346,15-19,5806288,Urban
case of NMSC in 2013,1.0156806,15-19,4.0644016,Urban
pop,1275248,15-19,7421242,Urban
case of NMSC in 2014,0,15-19,9.6476146,Urban
pop,1352817,15-19,7672481,Urban
case of NMSC in 2015,0,15-19,16.8794582,Urban
pop,1851490,15-19,9641279,Urban
case of NMSC in 2016,4.073278,15-19,11.5695348,Urban
pop,2253504,15-19,10298582,Urban
case of NMSC in 2017,0.9014016,15-19,24.7165968,Urban
pop,2408681,15-19,11359200,Urban
case of NMSC in 2018,1.9269448,15-19,18.17472,Urban
Incident of NMSC in 2005,0,20-24,0.13,Urban
Incident of NMSC in 2006,0,20-24,0.12,Urban
Incident of NMSC in 2007,0,20-24,0.22,Urban
Incident of NMSC in 2008,0.31,20-24,0.21,Urban
Incident of NMSC in 2009,0.26,20-24,0.12,Urban
Incident of NMSC in 2010,0,20-24,0.13,Urban
Incident of NMSC in 2011,0,20-24,0.22,Urban
Incident of NMSC in 2012,0.24,20-24,0.25,Urban
Incident of NMSC in 2013,0.11,20-24,0.14,Urban
Incident of NMSC in 2014,0,20-24,0.2,Urban
Incident of NMSC in 2015,0,20-24,0.14,Urban
Incident of NMSC in 2016,0.22,20-24,0.14,Urban
Incident of NMSC in 2017,0.04,20-24,0.23,Urban
Incident of NMSC in 2018,0.08,20-24,0.16,Urban
Incident of NMSC in 2018,0-,20-24,20-24,Urban
pop,196647,20-24,3716148,Urban
case of NMSC in 2005,0,20-24,4.8309924,Urban
pop,246212,20-24,4067948,Urban
case of NMSC in 2006,0,20-24,4.8815376,Urban
pop,256582,20-24,4129958,Urban
case of NMSC in 2007,0,20-24,9.0859076,Urban
pop,320424,20-24,4664290,Urban
case of NMSC in 2008,0.9933144,20-24,9.795009,Urban
pop,384131,20-24,5203648,Urban
case of NMSC in 2009,0.9987406,20-24,6.2443776,Urban
pop,595402,20-24,6802799,Urban
case of NMSC in 2010,0,20-24,8.8436387,Urban
pop,688959,20-24,6883369,Urban
case of NMSC in 2011,0,20-24,15.1434118,Urban
pop,841767,20-24,8120890,Urban
case of NMSC in 2012,2.0202408,20-24,20.302225,Urban
pop,923346,20-24,8703488,Urban
case of NMSC in 2013,1.0156806,20-24,12.1848832,Urban
pop,1275248,20-24,10996282,Urban
case of NMSC in 2014,0,20-24,21.992564,Urban
pop,1352817,20-24,10931136,Urban
case of NMSC in 2015,0,20-24,15.3035904,Urban
pop,1851490,20-24,13124739,Urban
case of NMSC in 2016,4.073278,20-24,18.3746346,Urban
pop,2253504,20-24,13439991,Urban
case of NMSC in 2017,0.9014016,20-24,30.9119793,Urban
pop,2408681,20-24,14658239,Urban
case of NMSC in 2018,1.9269448,20-24,23.4531824,Urban
Incident of NMSC in 2005,0,25-29,0.33,Urban
Incident of NMSC in 2006,0,25-29,0.36,Urban
Incident of NMSC in 2007,0,25-29,0.42,Urban
Incident of NMSC in 2008,0.31,25-29,0.34,Urban
Incident of NMSC in 2009,0.26,25-29,0.42,Urban
Incident of NMSC in 2010,0,25-29,0.23,Urban
Incident of NMSC in 2011,0,25-29,0.211,Urban
Incident of NMSC in 2012,0.24,25-29,0.28,Urban
Incident of NMSC in 2013,0.11,25-29,0.27,Urban
Incident of NMSC in 2014,0,25-29,0.24,Urban
Incident of NMSC in 2015,0,25-29,0.37,Urban
Incident of NMSC in 2016,0.22,25-29,0.31,Urban
Incident of NMSC in 2017,0.04,25-29,0.28,Urban
Incident of NMSC in 2018,0.08,25-29,0.31,Urban
Incident of NMSC in 2018,0-,25-29,25-29,Urban
pop,196647,25-29,3016827,Urban
case of NMSC in 2005,0,25-29,9.9555291,Urban
pop,246212,25-29,3640345,Urban
case of NMSC in 2006,0,25-29,13.105242,Urban
pop,256582,25-29,3561238,Urban
case of NMSC in 2007,0,25-29,14.9571996,Urban
pop,320424,25-29,4390705,Urban
case of NMSC in 2008,0.9933144,25-29,14.928397,Urban
pop,384131,25-29,5014122,Urban
case of NMSC in 2009,0.9987406,25-29,21.0593124,Urban
pop,595402,25-29,6983769,Urban
case of NMSC in 2010,0,25-29,16.0626687,Urban
pop,688959,25-29,7481728,Urban
case of NMSC in 2011,0,25-29,15.78644608,Urban
pop,841767,25-29,8670884,Urban
case of NMSC in 2012,2.0202408,25-29,24.2784752,Urban
pop,923346,25-29,9364450,Urban
case of NMSC in 2013,1.0156806,25-29,25.284015,Urban
pop,1275248,25-29,12064510,Urban
case of NMSC in 2014,0,25-29,28.954824,Urban
pop,1352817,25-29,12843924,Urban
case of NMSC in 2015,0,25-29,47.5225188,Urban
pop,1851490,25-29,15365949,Urban
case of NMSC in 2016,4.073278,25-29,47.6344419,Urban
pop,2253504,25-29,16221263,Urban
case of NMSC in 2017,0.9014016,25-29,45.4195364,Urban
pop,2408681,25-29,17177709,Urban
case of NMSC in 2018,1.9269448,25-29,53.2508979,Urban
Incident of NMSC in 2005,0,30-34,0.37,Urban
Incident of NMSC in 2006,0,30-34,0.16,Urban
Incident of NMSC in 2007,0,30-34,0.48,Urban
Incident of NMSC in 2008,0.31,30-34,0.68,Urban
Incident of NMSC in 2009,0.26,30-34,0.4,Urban
Incident of NMSC in 2010,0,30-34,0.46,Urban
Incident of NMSC in 2011,0,30-34,0.3,Urban
Incident of NMSC in 2012,0.24,30-34,0.49,Urban
Incident of NMSC in 2013,0.11,30-34,0.44,Urban
Incident of NMSC in 2014,0,30-34,0.39,Urban
Incident of NMSC in 2015,0,30-34,0.46,Urban
Incident of NMSC in 2016,0.22,30-34,0.45,Urban
Incident of NMSC in 2017,0.04,30-34,0.52,Urban
Incident of NMSC in 2018,0.08,30-34,0.5,Urban
Incident of NMSC in 2018,0-,30-34,30-34,Urban
pop,196647,30-34,3250134,Urban
case of NMSC in 2005,0,30-34,12.0254958,Urban
pop,246212,30-34,3712692,Urban
case of NMSC in 2006,0,30-34,5.9403072,Urban
pop,256582,30-34,3302827,Urban
case of NMSC in 2007,0,30-34,15.8535696,Urban
pop,320424,30-34,3807575,Urban
case of NMSC in 2008,0.9933144,30-34,25.89151,Urban
pop,384131,30-34,4284268,Urban
case of NMSC in 2009,0.9987406,30-34,17.137072,Urban
pop,595402,30-34,6239770,Urban
case of NMSC in 2010,0,30-34,28.702942,Urban
pop,688959,30-34,6978345,Urban
case of NMSC in 2011,0,30-34,20.935035,Urban
pop,841767,30-34,8227366,Urban
case of NMSC in 2012,2.0202408,30-34,40.3140934,Urban
pop,923346,30-34,9071652,Urban
case of NMSC in 2013,1.0156806,30-34,39.9152688,Urban
pop,1275248,30-34,11670562,Urban
case of NMSC in 2014,0,30-34,45.5151918,Urban
pop,1352817,30-34,12617080,Urban
case of NMSC in 2015,0,30-34,58.038568,Urban
pop,1851490,30-34,15194692,Urban
case of NMSC in 2016,4.073278,30-34,68.376114,Urban
pop,2253504,30-34,16663399,Urban
case of NMSC in 2017,0.9014016,30-34,86.6496748,Urban
pop,2408681,30-34,18467999,Urban
case of NMSC in 2018,1.9269448,30-34,92.339995,Urban
Incident of NMSC in 2005,0,35-39,0.82,Urban
Incident of NMSC in 2006,0,35-39,0.72,Urban
Incident of NMSC in 2007,0,35-39,0.6,Urban
Incident of NMSC in 2008,0.31,35-39,0.74,Urban
Incident of NMSC in 2009,0.26,35-39,0.45,Urban
Incident of NMSC in 2010,0,35-39,0.6,Urban
Incident of NMSC in 2011,0,35-39,0.76,Urban
Incident of NMSC in 2012,0.24,35-39,0.65,Urban
Incident of NMSC in 2013,0.11,35-39,0.62,Urban
Incident of NMSC in 2014,0,35-39,0.6,Urban
Incident of NMSC in 2015,0,35-39,0.72,Urban
Incident of NMSC in 2016,0.22,35-39,0.59,Urban
Incident of NMSC in 2017,0.04,35-39,0.62,Urban
Incident of NMSC in 2018,0.08,35-39,0.64,Urban
Incident of NMSC in 2018,0-,35-39,35-39,Urban
pop,196647,35-39,3419743,Urban
case of NMSC in 2005,0,35-39,28.0418926,Urban
pop,246212,35-39,4144736,Urban
case of NMSC in 2006,0,35-39,29.8420992,Urban
pop,256582,35-39,3984412,Urban
case of NMSC in 2007,0,35-39,23.906472,Urban
pop,320424,35-39,4471333,Urban
case of NMSC in 2008,0.9933144,35-39,33.0878642,Urban
pop,384131,35-39,4879194,Urban
case of NMSC in 2009,0.9987406,35-39,21.956373,Urban
pop,595402,35-39,6843382,Urban
case of NMSC in 2010,0,35-39,41.060292,Urban
pop,688959,35-39,7275155,Urban
case of NMSC in 2011,0,35-39,55.291178,Urban
pop,841767,35-39,8033476,Urban
case of NMSC in 2012,2.0202408,35-39,52.217594,Urban
pop,923346,35-39,8690950,Urban
case of NMSC in 2013,1.0156806,35-39,53.88389,Urban
pop,1275248,35-39,11256245,Urban
case of NMSC in 2014,0,35-39,67.53747,Urban
pop,1352817,35-39,11997918,Urban
case of NMSC in 2015,0,35-39,86.3850096,Urban
pop,1851490,35-39,15331675,Urban
case of NMSC in 2016,4.073278,35-39,90.4568825,Urban
pop,2253504,35-39,17135841,Urban
case of NMSC in 2017,0.9014016,35-39,106.2422142,Urban
pop,2408681,35-39,19162520,Urban
case of NMSC in 2018,1.9269448,35-39,122.640128,Urban
Incident of NMSC in 2005,0,40-44,1.23,Urban
Incident of NMSC in 2006,0,40-44,1.35,Urban
Incident of NMSC in 2007,0,40-44,1.1,Urban
Incident of NMSC in 2008,0.31,40-44,0.96,Urban
Incident of NMSC in 2009,0.26,40-44,0.77,Urban
Incident of NMSC in 2010,0,40-44,0.93,Urban
Incident of NMSC in 2011,0,40-44,0.82,Urban
Incident of NMSC in 2012,0.24,40-44,0.93,Urban
Incident of NMSC in 2013,0.11,40-44,1.02,Urban
Incident of NMSC in 2014,0,40-44,0.97,Urban
Incident of NMSC in 2015,0,40-44,1.05,Urban
Incident of NMSC in 2016,0.22,40-44,0.88,Urban
Incident of NMSC in 2017,0.04,40-44,0.96,Urban
Incident of NMSC in 2018,0.08,40-44,0.8,Urban
Incident of NMSC in 2018,0-,40-44,40-44,Urban
pop,196647,40-44,3907878,Urban
case of NMSC in 2005,0,40-44,48.0668994,Urban
pop,246212,40-44,4445006,Urban
case of NMSC in 2006,0,40-44,60.007581,Urban
pop,256582,40-44,4168116,Urban
case of NMSC in 2007,0,40-44,45.849276,Urban
pop,320424,40-44,4458786,Urban
case of NMSC in 2008,0.9933144,40-44,42.8043456,Urban
pop,384131,40-44,4805714,Urban
case of NMSC in 2009,0.9987406,40-44,37.0039978,Urban
pop,595402,40-44,6788656,Urban
case of NMSC in 2010,0,40-44,63.1345008,Urban
pop,688959,40-44,7568451,Urban
case of NMSC in 2011,0,40-44,62.0612982,Urban
pop,841767,40-44,8927869,Urban
case of NMSC in 2012,2.0202408,40-44,83.0291817,Urban
pop,923346,40-44,9907464,Urban
case of NMSC in 2013,1.0156806,40-44,101.0561328,Urban
pop,1275248,40-44,12519440,Urban
case of NMSC in 2014,0,40-44,121.438568,Urban
pop,1352817,40-44,12952773,Urban
case of NMSC in 2015,0,40-44,136.0041165,Urban
pop,1851490,40-44,15878586,Urban
case of NMSC in 2016,4.073278,40-44,139.7315568,Urban
pop,2253504,40-44,17062350,Urban
case of NMSC in 2017,0.9014016,40-44,163.79856,Urban
pop,2408681,40-44,18676972,Urban
case of NMSC in 2018,1.9269448,40-44,149.415776,Urban
Incident of NMSC in 2005,0,45-49,1.53,Urban
Incident of NMSC in 2006,0,45-49,1.24,Urban
Incident of NMSC in 2007,0,45-49,1.6,Urban
Incident of NMSC in 2008,0.31,45-49,1.42,Urban
Incident of NMSC in 2009,0.26,45-49,1.24,Urban
Incident of NMSC in 2010,0,45-49,1.23,Urban
Incident of NMSC in 2011,0,45-49,1.34,Urban
Incident of NMSC in 2012,0.24,45-49,1.59,Urban
Incident of NMSC in 2013,0.11,45-49,1.23,Urban
Incident of NMSC in 2014,0,45-49,1.3,Urban
Incident of NMSC in 2015,0,45-49,1.46,Urban
Incident of NMSC in 2016,0.22,45-49,1.22,Urban
Incident of NMSC in 2017,0.04,45-49,1.43,Urban
Incident of NMSC in 2018,0.08,45-49,1.37,Urban
Incident of NMSC in 2018,0-,45-49,45-49,Urban
pop,196647,45-49,3793112,Urban
case of NMSC in 2005,0,45-49,58.0346136,Urban
pop,246212,45-49,4123887,Urban
case of NMSC in 2006,0,45-49,51.1361988,Urban
pop,256582,45-49,3823936,Urban
case of NMSC in 2007,0,45-49,61.182976,Urban
pop,320424,45-49,4593490,Urban
case of NMSC in 2008,0.9933144,45-49,65.227558,Urban
pop,384131,45-49,5095806,Urban
case of NMSC in 2009,0.9987406,45-49,63.1879944,Urban
pop,595402,45-49,7063029,Urban
case of NMSC in 2010,0,45-49,86.8752567,Urban
pop,688959,45-49,7754987,Urban
case of NMSC in 2011,0,45-49,103.9168258,Urban
pop,841767,45-49,8809992,Urban
case of NMSC in 2012,2.0202408,45-49,140.0788728,Urban
pop,923346,45-49,9603439,Urban
case of NMSC in 2013,1.0156806,45-49,118.1222997,Urban
pop,1275248,45-49,12252736,Urban
case of NMSC in 2014,0,45-49,159.285568,Urban
pop,1352817,45-49,13175990,Urban
case of NMSC in 2015,0,45-49,192.369454,Urban
pop,1851490,45-49,17148615,Urban
case of NMSC in 2016,4.073278,45-49,209.213103,Urban
pop,2253504,45-49,19186102,Urban
case of NMSC in 2017,0.9014016,45-49,274.3612586,Urban
pop,2408681,45-49,21022330,Urban
case of NMSC in 2018,1.9269448,45-49,288.005921,Urban
Incident of NMSC in 2005,0,50-54,2.01,Urban
Incident of NMSC in 2006,0,50-54,2.02,Urban
Incident of NMSC in 2007,0,50-54,2.28,Urban
Incident of NMSC in 2008,0.31,50-54,2.43,Urban
Incident of NMSC in 2009,0.26,50-54,1.87,Urban
Incident of NMSC in 2010,0,50-54,1.95,Urban
Incident of NMSC in 2011,0,50-54,1.81,Urban
Incident of NMSC in 2012,0.24,50-54,2.38,Urban
Incident of NMSC in 2013,0.11,50-54,1.92,Urban
Incident of NMSC in 2014,0,50-54,2.24,Urban
Incident of NMSC in 2015,0,50-54,2.24,Urban
Incident of NMSC in 2016,0.22,50-54,2.7,Urban
Incident of NMSC in 2017,0.04,50-54,2.47,Urban
Incident of NMSC in 2018,0.08,50-54,2.14,Urban
Incident of NMSC in 2018,0-,50-54,50-54,Urban
pop,196647,50-54,3177116,Urban
case of NMSC in 2005,0,50-54,63.8600316,Urban
pop,246212,50-54,3754525,Urban
case of NMSC in 2006,0,50-54,75.841405,Urban
pop,256582,50-54,3730955,Urban
case of NMSC in 2007,0,50-54,85.065774,Urban
pop,320424,50-54,4562163,Urban
case of NMSC in 2008,0.9933144,50-54,110.8605609,Urban
pop,384131,50-54,4766326,Urban
case of NMSC in 2009,0.9987406,50-54,89.1302962,Urban
pop,595402,50-54,6244556,Urban
case of NMSC in 2010,0,50-54,121.768842,Urban
pop,688959,50-54,6577453,Urban
case of NMSC in 2011,0,50-54,119.0518993,Urban
pop,841767,50-54,7386623,Urban
case of NMSC in 2012,2.0202408,50-54,175.8016274,Urban
pop,923346,50-54,8401497,Urban
case of NMSC in 2013,1.0156806,50-54,161.3087424,Urban
pop,1275248,50-54,10961070,Urban
case of NMSC in 2014,0,50-54,245.527968,Urban
pop,1352817,50-54,12160461,Urban
case of NMSC in 2015,0,50-54,272.3943264,Urban
pop,1851490,50-54,14778468,Urban
case of NMSC in 2016,4.073278,50-54,399.018636,Urban
pop,2253504,50-54,16323797,Urban
case of NMSC in 2017,0.9014016,50-54,403.1977859,Urban
pop,2408681,50-54,17586441,Urban
case of NMSC in 2018,1.9269448,50-54,376.3498374,Urban
Incident of NMSC in 2005,0,55-59,3.18,Urban
Incident of NMSC in 2006,0,55-59,2.78,Urban
Incident of NMSC in 2007,0,55-59,3.54,Urban
Incident of NMSC in 2008,0.31,55-59,3.92,Urban
Incident of NMSC in 2009,0.26,55-59,3.15,Urban
Incident of NMSC in 2010,0,55-59,3.1,Urban
Incident of NMSC in 2011,0,55-59,3.43,Urban
Incident of NMSC in 2012,0.24,55-59,3.47,Urban
Incident of NMSC in 2013,0.11,55-59,3.24,Urban
Incident of NMSC in 2014,0,55-59,3.06,Urban
Incident of NMSC in 2015,0,55-59,3.68,Urban
Incident of NMSC in 2016,0.22,55-59,3.05,Urban
Incident of NMSC in 2017,0.04,55-59,3.12,Urban
Incident of NMSC in 2018,0.08,55-59,3.32,Urban
Incident of NMSC in 2018,0-,55-59,55-59,Urban
pop,196647,55-59,2170410,Urban
case of NMSC in 2005,0,55-59,69.019038,Urban
pop,246212,55-59,2590995,Urban
case of NMSC in 2006,0,55-59,72.029661,Urban
pop,256582,55-59,2625116,Urban
case of NMSC in 2007,0,55-59,92.9291064,Urban
pop,320424,55-59,3392635,Urban
case of NMSC in 2008,0.9933144,55-59,132.991292,Urban
pop,384131,55-59,3867286,Urban
case of NMSC in 2009,0.9987406,55-59,121.819509,Urban
pop,595402,55-59,5491662,Urban
case of NMSC in 2010,0,55-59,170.241522,Urban
pop,688959,55-59,6412883,Urban
case of NMSC in 2011,0,55-59,219.9618869,Urban
pop,841767,55-59,7729168,Urban
case of NMSC in 2012,2.0202408,55-59,268.2021296,Urban
pop,923346,55-59,8772903,Urban
case of NMSC in 2013,1.0156806,55-59,284.2420572,Urban
pop,1275248,55-59,10631745,Urban
case of NMSC in 2014,0,55-59,325.331397,Urban
pop,1352817,55-59,10880355,Urban
case of NMSC in 2015,0,55-59,400.397064,Urban
pop,1851490,55-59,13071712,Urban
case of NMSC in 2016,4.073278,55-59,398.687216,Urban
pop,2253504,55-59,13891567,Urban
case of NMSC in 2017,0.9014016,55-59,433.4168904,Urban
pop,2408681,55-59,15765361,Urban
case of NMSC in 2018,1.9269448,55-59,523.4099852,Urban
Incident of NMSC in 2005,0,60-64,4.68,Urban
Incident of NMSC in 2006,0,60-64,4.32,Urban
Incident of NMSC in 2007,0,60-64,4.55,Urban
Incident of NMSC in 2008,0.31,60-64,5.33,Urban
Incident of NMSC in 2009,0.26,60-64,4.93,Urban
Incident of NMSC in 2010,0,60-64,5.08,Urban
Incident of NMSC in 2011,0,60-64,5.16,Urban
Incident of NMSC in 2012,0.24,60-64,5.46,Urban
Incident of NMSC in 2013,0.11,60-64,5.13,Urban
Incident of NMSC in 2014,0,60-64,5.98,Urban
Incident of NMSC in 2015,0,60-64,5.35,Urban
Incident of NMSC in 2016,0.22,60-64,5.29,Urban
Incident of NMSC in 2017,0.04,60-64,5.45,Urban
Incident of NMSC in 2018,0.08,60-64,5.8,Urban
Incident of NMSC in 2018,0-,60-64,60-64,Urban
pop,196647,60-64,1579718,Urban
case of NMSC in 2005,0,60-64,73.9308024,Urban
pop,246212,60-64,1896558,Urban
case of NMSC in 2006,0,60-64,81.9313056,Urban
pop,256582,60-64,1888634,Urban
case of NMSC in 2007,0,60-64,85.932847,Urban
pop,320424,60-64,2384913,Urban
case of NMSC in 2008,0.9933144,60-64,127.1158629,Urban
pop,384131,60-64,2676971,Urban
case of NMSC in 2009,0.9987406,60-64,131.9746703,Urban
pop,595402,60-64,3761637,Urban
case of NMSC in 2010,0,60-64,191.0911596,Urban
pop,688959,60-64,4457196,Urban
case of NMSC in 2011,0,60-64,229.9913136,Urban
pop,841767,60-64,5380756,Urban
case of NMSC in 2012,2.0202408,60-64,293.7892776,Urban
pop,923346,60-64,6357947,Urban
case of NMSC in 2013,1.0156806,60-64,326.1626811,Urban
pop,1275248,60-64,8410046,Urban
case of NMSC in 2014,0,60-64,502.9207508,Urban
pop,1352817,60-64,9368698,Urban
case of NMSC in 2015,0,60-64,501.225343,Urban
pop,1851490,60-64,11910003,Urban
case of NMSC in 2016,4.073278,60-64,630.0391587,Urban
pop,2253504,60-64,13531239,Urban
case of NMSC in 2017,0.9014016,60-64,737.4525255,Urban
pop,2408681,60-64,14871872,Urban
case of NMSC in 2018,1.9269448,60-64,862.568576,Urban
Incident of NMSC in 2005,0,65-69,6.65,Urban
Incident of NMSC in 2006,0,65-69,5.55,Urban
Incident of NMSC in 2007,0,65-69,6.39,Urban
Incident of NMSC in 2008,0.31,65-69,7.02,Urban
Incident of NMSC in 2009,0.26,65-69,6.31,Urban
Incident of NMSC in 2010,0,65-69,6.26,Urban
Incident of NMSC in 2011,0,65-69,6.82,Urban
Incident of NMSC in 2012,0.24,65-69,8.44,Urban
Incident of NMSC in 2013,0.11,65-69,7.28,Urban
Incident of NMSC in 2014,0,65-69,7.56,Urban
Incident of NMSC in 2015,0,65-69,7.74,Urban
Incident of NMSC in 2016,0.22,65-69,7.83,Urban
Incident of NMSC in 2017,0.04,65-69,8.14,Urban
Incident of NMSC in 2018,0.08,65-69,8.07,Urban
Incident of NMSC in 2018,0-,65-69,65-69,Urban
pop,196647,65-69,1578770,Urban
case of NMSC in 2005,0,65-69,104.988205,Urban
pop,246212,65-69,1766583,Urban
case of NMSC in 2006,0,65-69,98.0453565,Urban
pop,256582,65-69,1658869,Urban
case of NMSC in 2007,0,65-69,106.0017291,Urban
pop,320424,65-69,1851792,Urban
case of NMSC in 2008,0.9933144,65-69,129.9957984,Urban
pop,384131,65-69,1964822,Urban
case of NMSC in 2009,0.9987406,65-69,123.9802682,Urban
pop,595402,65-69,2700579,Urban
case of NMSC in 2010,0,65-69,169.0562454,Urban
pop,688959,65-69,3094084,Urban
case of NMSC in 2011,0,65-69,211.0165288,Urban
pop,841767,65-69,3603545,Urban
case of NMSC in 2012,2.0202408,65-69,304.139198,Urban
pop,923346,65-69,4218575,Urban
case of NMSC in 2013,1.0156806,65-69,307.11226,Urban
pop,1275248,65-69,5702607,Urban
case of NMSC in 2014,0,65-69,431.1170892,Urban
pop,1352817,65-69,6405047,Urban
case of NMSC in 2015,0,65-69,495.7506378,Urban
pop,1851490,65-69,8398267,Urban
case of NMSC in 2016,4.073278,65-69,657.5843061,Urban
pop,2253504,65-69,9734324,Urban
case of NMSC in 2017,0.9014016,65-69,792.3739736,Urban
pop,2408681,65-69,11388103,Urban
case of NMSC in 2018,1.9269448,65-69,919.0199121,Urban
Incident of NMSC in 2005,0,70-74,9.03,Urban
Incident of NMSC in 2006,0,70-74,10.54,Urban
Incident of NMSC in 2007,0,70-74,10.07,Urban
Incident of NMSC in 2008,0.31,70-74,12.92,Urban
Incident of NMSC in 2009,0.26,70-74,10.09,Urban
Incident of NMSC in 2010,0,70-74,9.68,Urban
Incident of NMSC in 2011,0,70-74,12.08,Urban
Incident of NMSC in 2012,0.24,70-74,10.81,Urban
Incident of NMSC in 2013,0.11,70-74,10.78,Urban
Incident of NMSC in 2014,0,70-74,11.04,Urban
Incident of NMSC in 2015,0,70-74,11.47,Urban
Incident of NMSC in 2016,0.22,70-74,10.92,Urban
Incident of NMSC in 2017,0.04,70-74,11.5,Urban
Incident of NMSC in 2018,0.08,70-74,11.91,Urban
Incident of NMSC in 2018,0-,70-74,70-74,Urban
pop,196647,70-74,1418167,Urban
case of NMSC in 2005,0,70-74,128.0604801,Urban
pop,246212,70-74,1622114,Urban
case of NMSC in 2006,0,70-74,170.9708156,Urban
pop,256582,70-74,1588323,Urban
case of NMSC in 2007,0,70-74,159.9441261,Urban
pop,320424,70-74,1818933,Urban
case of NMSC in 2008,0.9933144,70-74,235.0061436,Urban
pop,384131,70-74,1852949,Urban
case of NMSC in 2009,0.9987406,70-74,186.9625541,Urban
pop,595402,70-74,2437666,Urban
case of NMSC in 2010,0,70-74,235.9660688,Urban
pop,688959,70-74,2649561,Urban
case of NMSC in 2011,0,70-74,320.0669688,Urban
pop,841767,70-74,2942061,Urban
case of NMSC in 2012,2.0202408,70-74,318.0367941,Urban
pop,923346,70-74,3266396,Urban
case of NMSC in 2013,1.0156806,70-74,352.1174888,Urban
pop,1275248,70-74,4231840,Urban
case of NMSC in 2014,0,70-74,467.195136,Urban
pop,1352817,70-74,4638105,Urban
case of NMSC in 2015,0,70-74,531.9906435,Urban
pop,1851490,70-74,5908537,Urban
case of NMSC in 2016,4.073278,70-74,645.2122404,Urban
pop,2253504,70-74,6650361,Urban
case of NMSC in 2017,0.9014016,70-74,764.791515,Urban
pop,2408681,70-74,7730530,Urban
case of NMSC in 2018,1.9269448,70-74,920.706123,Urban
Incident of NMSC in 2005,0,75-79,14.84,Urban
Incident of NMSC in 2006,0,75-79,13.57,Urban
Incident of NMSC in 2007,0,75-79,14.96,Urban
Incident of NMSC in 2008,0.31,75-79,16.31,Urban
Incident of NMSC in 2009,0.26,75-79,14.93,Urban
Incident of NMSC in 2010,0,75-79,13.46,Urban
Incident of NMSC in 2011,0,75-79,15.51,Urban
Incident of NMSC in 2012,0.24,75-79,16.03,Urban
Incident of NMSC in 2013,0.11,75-79,16.19,Urban
Incident of NMSC in 2014,0,75-79,15.85,Urban
Incident of NMSC in 2015,0,75-79,15.44,Urban
Incident of NMSC in 2016,0.22,75-79,16.09,Urban
Incident of NMSC in 2017,0.04,75-79,15.52,Urban
Incident of NMSC in 2018,0.08,75-79,16.6,Urban
Incident of NMSC in 2018,0-,75-79,75-79,Urban
pop,196647,75-79,916331,Urban
case of NMSC in 2005,0,75-79,135.9835204,Urban
pop,246212,75-79,1061428,Urban
case of NMSC in 2006,0,75-79,144.0357796,Urban
pop,256582,75-79,1056345,Urban
case of NMSC in 2007,0,75-79,158.029212,Urban
pop,320424,75-79,1343086,Urban
case of NMSC in 2008,0.9933144,75-79,219.0573266,Urban
pop,384131,75-79,1433149,Urban
case of NMSC in 2009,0.9987406,75-79,213.9691457,Urban
pop,595402,75-79,1953659,Urban
case of NMSC in 2010,0,75-79,262.9625014,Urban
pop,688959,75-79,2211567,Urban
case of NMSC in 2011,0,75-79,343.0140417,Urban
pop,841767,75-79,2539566,Urban
case of NMSC in 2012,2.0202408,75-79,407.0924298,Urban
pop,923346,75-79,2834701,Urban
case of NMSC in 2013,1.0156806,75-79,458.9380919,Urban
pop,1275248,75-79,3584481,Urban
case of NMSC in 2014,0,75-79,568.1402385,Urban
pop,1352817,75-79,3782920,Urban
case of NMSC in 2015,0,75-79,584.082848,Urban
pop,1851490,75-79,4605815,Urban
case of NMSC in 2016,4.073278,75-79,741.0756335,Urban
pop,2253504,75-79,5032828,Urban
case of NMSC in 2017,0.9014016,75-79,781.0949056,Urban
pop,2408681,75-79,5542420,Urban
case of NMSC in 2018,1.9269448,75-79,920.04172,Urban
Incident of NMSC in 2005,0,80-84,17.2,Urban
Incident of NMSC in 2006,0,80-84,22.86,Urban
Incident of NMSC in 2007,0,80-84,20.3,Urban
Incident of NMSC in 2008,0.31,80-84,19.9,Urban
Incident of NMSC in 2009,0.26,80-84,22.27,Urban
Incident of NMSC in 2010,0,80-84,21.66,Urban
Incident of NMSC in 2011,0,80-84,21.09,Urban
Incident of NMSC in 2012,0.24,80-84,23.41,Urban
Incident of NMSC in 2013,0.11,80-84,20.51,Urban
Incident of NMSC in 2014,0,80-84,20.96,Urban
Incident of NMSC in 2015,0,80-84,20.6,Urban
Incident of NMSC in 2016,0.22,80-84,22.22,Urban
Incident of NMSC in 2017,0.04,80-84,23.94,Urban
Incident of NMSC in 2018,0.08,80-84,24.07,Urban
Incident of NMSC in 2018,0-,80-84,80-84,Urban
pop,196647,80-84,488471,Urban
case of NMSC in 2005,0,80-84,84.017012,Urban
pop,246212,80-84,568714,Urban
case of NMSC in 2006,0,80-84,130.0080204,Urban
pop,256582,80-84,581230,Urban
case of NMSC in 2007,0,80-84,117.98969,Urban
pop,320424,80-84,753584,Urban
case of NMSC in 2008,0.9933144,80-84,149.963216,Urban
pop,384131,80-84,803947,Urban
case of NMSC in 2009,0.9987406,80-84,179.0389969,Urban
pop,595402,80-84,1107798,Urban
case of NMSC in 2010,0,80-84,239.9490468,Urban
pop,688959,80-84,1280054,Urban
case of NMSC in 2011,0,80-84,269.9633886,Urban
pop,841767,80-84,1542357,Urban
case of NMSC in 2012,2.0202408,80-84,361.0657737,Urban
pop,923346,80-84,1774505,Urban
case of NMSC in 2013,1.0156806,80-84,363.9509755,Urban
pop,1275248,80-84,2356926,Urban
case of NMSC in 2014,0,80-84,494.0116896,Urban
pop,1352817,80-84,2606840,Urban
case of NMSC in 2015,0,80-84,537.00904,Urban
pop,1851490,80-84,3209086,Urban
case of NMSC in 2016,4.073278,80-84,713.0589092,Urban
pop,2253504,80-84,3554380,Urban
case of NMSC in 2017,0.9014016,80-84,850.918572,Urban
pop,2408681,80-84,3904609,Urban
case of NMSC in 2018,1.9269448,80-84,939.8393863,Urban
Incident of NMSC in 2005,0,85+,20.24,Urban
Incident of NMSC in 2006,0,85+,31.59,Urban
Incident of NMSC in 2007,0,85+,30.08,Urban
Incident of NMSC in 2008,0.31,85+,30.73,Urban
Incident of NMSC in 2009,0.26,85+,23.6,Urban
Incident of NMSC in 2010,0,85+,23.64,Urban
Incident of NMSC in 2011,0,85+,30.47,Urban
Incident of NMSC in 2012,0.24,85+,28.86,Urban
Incident of NMSC in 2013,0.11,85+,25.81,Urban
Incident of NMSC in 2014,0,85+,27.03,Urban
Incident of NMSC in 2015,0,85+,30.15,Urban
Incident of NMSC in 2016,0.22,85+,29.34,Urban
Incident of NMSC in 2017,0.04,85+,31.07,Urban
Incident of NMSC in 2018,0.08,85+,34.56,Urban
Incident of NMSC in 2018,0-,85+,85+,Urban
pop,196647,85+,281640,Urban
case of NMSC in 2005,0,85+,57.003936,Urban
pop,246212,85+,319692,Urban
case of NMSC in 2006,0,85+,100.9907028,Urban
pop,256582,85+,335763,Urban
case of NMSC in 2007,0,85+,100.9975104,Urban
pop,320424,85+,449103,Urban
case of NMSC in 2008,0.9933144,85+,138.0093519,Urban
pop,384131,85+,487238,Urban
case of NMSC in 2009,0.9987406,85+,114.988168,Urban
pop,595402,85+,660018,Urban
case of NMSC in 2010,0,85+,156.0282552,Urban
pop,688959,85+,764644,Urban
case of NMSC in 2011,0,85+,232.9870268,Urban
pop,841767,85+,959824,Urban
case of NMSC in 2012,2.0202408,85+,277.0052064,Urban
pop,923346,85+,1127642,Urban
case of NMSC in 2013,1.0156806,85+,291.0444002,Urban
pop,1275248,85+,1557338,Urban
case of NMSC in 2014,0,85+,420.9484614,Urban
pop,1352817,85+,1777977,Urban
case of NMSC in 2015,0,85+,536.0600655,Urban
pop,1851490,85+,2225832,Urban
case of NMSC in 2016,4.073278,85+,653.0591088,Urban
pop,2253504,85+,2519875,Urban
case of NMSC in 2017,0.9014016,85+,782.9251625,Urban
pop,2408681,85+,2809937,Urban
case of NMSC in 2018,1.9269448,85+,971.1142272,Urban
Incident of NMSC in 2005,0,1-4,0,Rural
Incident of NMSC in 2006,0.83,1-4,0,Rural
Incident of NMSC in 2007,0,1-4,0,Rural
Incident of NMSC in 2008,0,1-4,0,Rural
Incident of NMSC in 2009,0,1-4,0,Rural
Incident of NMSC in 2010,0,1-4,0.05,Rural
Incident of NMSC in 2011,0,1-4,0.12,Rural
Incident of NMSC in 2012,0.19,1-4,0.02,Rural
Incident of NMSC in 2013,0,1-4,0.06,Rural
Incident of NMSC in 2014,0,1-4,0.02,Rural
Incident of NMSC in 2015,0.06,1-4,0.08,Rural
Incident of NMSC in 2016,0.2,1-4,0.03,Rural
Incident of NMSC in 2017,0.08,1-4,0.06,Rural
Incident of NMSC in 2018,0.1,1-4,0.13,Rural
Incident of NMSC in 2018,0-,1-4,1-4,Rural
pop,132064,1-4,556491,Rural
case of NMSC in 2005,0,1-4,0,Rural
pop,120594,1-4,519974,Rural
case of NMSC in 2006,1.0009302,1-4,0,Rural
pop,149716,1-4,610158,Rural
case of NMSC in 2007,0,1-4,0,Rural
pop,114798,1-4,483284,Rural
case of NMSC in 2008,0,1-4,0,Rural
pop,235911,1-4,1041479,Rural
case of NMSC in 2009,0,1-4,0,Rural
pop,444535,1-4,1845945,Rural
case of NMSC in 2010,0,1-4,0.9229725,Rural
pop,608015,1-4,2530811,Rural
case of NMSC in 2011,0,1-4,3.0369732,Rural
pop,1034932,1-4,4246465,Rural
case of NMSC in 2012,1.9663708,1-4,0.849293,Rural
pop,1188267,1-4,5045688,Rural
case of NMSC in 2013,0,1-4,3.0274128,Rural
pop,1538796,1-4,6469987,Rural
case of NMSC in 2014,0,1-4,1.2939974,Rural
pop,1667166,1-4,7691202,Rural
case of NMSC in 2015,1.0002996,1-4,6.1529616,Rural
pop,1964229,1-4,8740803,Rural
case of NMSC in 2016,3.928458,1-4,2.6222409,Rural
pop,2400144,1-4,10380632,Rural
case of NMSC in 2017,1.9201152,1-4,6.2283792,Rural
pop,2943208,1-4,13384388,Rural
case of NMSC in 2018,2.943208,1-4,17.3997044,Rural
Incident of NMSC in 2005,0,5-9,0,Rural
Incident of NMSC in 2006,0.83,5-9,0,Rural
Incident of NMSC in 2007,0,5-9,0,Rural
Incident of NMSC in 2008,0,5-9,0,Rural
Incident of NMSC in 2009,0,5-9,0,Rural
Incident of NMSC in 2010,0,5-9,0.04,Rural
Incident of NMSC in 2011,0,5-9,0.03,Rural
Incident of NMSC in 2012,0.19,5-9,0.02,Rural
Incident of NMSC in 2013,0,5-9,0.06,Rural
Incident of NMSC in 2014,0,5-9,0.09,Rural
Incident of NMSC in 2015,0.06,5-9,0.04,Rural
Incident of NMSC in 2016,0.2,5-9,0.08,Rural
Incident of NMSC in 2017,0.08,5-9,0.11,Rural
Incident of NMSC in 2018,0.1,5-9,0.16,Rural
Incident of NMSC in 2018,0-,5-9,5-9,Rural
pop,132064,5-9,901135,Rural
case of NMSC in 2005,0,5-9,0,Rural
pop,120594,5-9,784464,Rural
case of NMSC in 2006,1.0009302,5-9,0,Rural
pop,149716,5-9,931680,Rural
case of NMSC in 2007,0,5-9,0,Rural
pop,114798,5-9,723761,Rural
case of NMSC in 2008,0,5-9,0,Rural
pop,235911,5-9,1502814,Rural
case of NMSC in 2009,0,5-9,0,Rural
pop,444535,5-9,2436328,Rural
case of NMSC in 2010,0,5-9,0.9745312,Rural
pop,608015,5-9,3116900,Rural
case of NMSC in 2011,0,5-9,0.93507,Rural
pop,1034932,5-9,5109449,Rural
case of NMSC in 2012,1.9663708,5-9,1.0218898,Rural
pop,1188267,5-9,6369010,Rural
case of NMSC in 2013,0,5-9,3.821406,Rural
pop,1538796,5-9,8044993,Rural
case of NMSC in 2014,0,5-9,7.2404937,Rural
pop,1667166,5-9,9515907,Rural
case of NMSC in 2015,1.0002996,5-9,3.8063628,Rural
pop,1964229,5-9,10980171,Rural
case of NMSC in 2016,3.928458,5-9,8.7841368,Rural
pop,2400144,5-9,13110047,Rural
case of NMSC in 2017,1.9201152,5-9,14.4210517,Rural
pop,2943208,5-9,16771727,Rural
case of NMSC in 2018,2.943208,5-9,26.8347632,Rural
Incident of NMSC in 2005,0,10-14,0,Rural
Incident of NMSC in 2006,0.83,10-14,0,Rural
Incident of NMSC in 2007,0,10-14,0.08,Rural
Incident of NMSC in 2008,0,10-14,0,Rural
Incident of NMSC in 2009,0,10-14,0.1,Rural
Incident of NMSC in 2010,0,10-14,0.22,Rural
Incident of NMSC in 2011,0,10-14,0,Rural
Incident of NMSC in 2012,0.19,10-14,0.06,Rural
Incident of NMSC in 2013,0,10-14,0.06,Rural
Incident of NMSC in 2014,0,10-14,0.04,Rural
Incident of NMSC in 2015,0.06,10-14,0.08,Rural
Incident of NMSC in 2016,0.2,10-14,0.1,Rural
Incident of NMSC in 2017,0.08,10-14,0.11,Rural
Incident of NMSC in 2018,0.1,10-14,0.15,Rural
Incident of NMSC in 2018,0-,10-14,10-14,Rural
pop,132064,10-14,1189289,Rural
case of NMSC in 2005,0,10-14,0,Rural
pop,120594,10-14,1085639,Rural
case of NMSC in 2006,1.0009302,10-14,0,Rural
pop,149716,10-14,1264384,Rural
case of NMSC in 2007,0,10-14,1.0115072,Rural
pop,114798,10-14,1053106,Rural
case of NMSC in 2008,0,10-14,0,Rural
pop,235911,10-14,1916218,Rural
case of NMSC in 2009,0,10-14,1.916218,Rural
pop,444535,10-14,2772008,Rural
case of NMSC in 2010,0,10-14,6.0984176,Rural
pop,608015,10-14,3364797,Rural
case of NMSC in 2011,0,10-14,0,Rural
pop,1034932,10-14,5403525,Rural
case of NMSC in 2012,1.9663708,10-14,3.242115,Rural
pop,1188267,10-14,6345890,Rural
case of NMSC in 2013,0,10-14,3.807534,Rural
pop,1538796,10-14,7742358,Rural
case of NMSC in 2014,0,10-14,3.0969432,Rural
pop,1667166,10-14,8725082,Rural
case of NMSC in 2015,1.0002996,10-14,6.9800656,Rural
pop,1964229,10-14,9977390,Rural
case of NMSC in 2016,3.928458,10-14,9.97739,Rural
pop,2400144,10-14,12121163,Rural
case of NMSC in 2017,1.9201152,10-14,13.3332793,Rural
pop,2943208,10-14,15694423,Rural
case of NMSC in 2018,2.943208,10-14,23.5416345,Rural
Incident of NMSC in 2005,0,15-19,0.09,Rural
Incident of NMSC in 2006,0.83,15-19,0.1,Rural
Incident of NMSC in 2007,0,15-19,0.08,Rural
Incident of NMSC in 2008,0,15-19,0,Rural
Incident of NMSC in 2009,0,15-19,0.05,Rural
Incident of NMSC in 2010,0,15-19,0.07,Rural
Incident of NMSC in 2011,0,15-19,0.12,Rural
Incident of NMSC in 2012,0.19,15-19,0.11,Rural
Incident of NMSC in 2013,0,15-19,0.11,Rural
Incident of NMSC in 2014,0,15-19,0.17,Rural
Incident of NMSC in 2015,0.06,15-19,0.15,Rural
Incident of NMSC in 2016,0.2,15-19,0.15,Rural
Incident of NMSC in 2017,0.08,15-19,0.18,Rural
Incident of NMSC in 2018,0.1,15-19,0.21,Rural
Incident of NMSC in 2018,0-,15-19,15-19,Rural
pop,132064,15-19,1154056,Rural
case of NMSC in 2005,0,15-19,1.0386504,Rural
pop,120594,15-19,1042560,Rural
case of NMSC in 2006,1.0009302,15-19,1.04256,Rural
pop,149716,15-19,1213378,Rural
case of NMSC in 2007,0,15-19,0.9707024,Rural
pop,114798,15-19,1013705,Rural
case of NMSC in 2008,0,15-19,0,Rural
pop,235911,15-19,1900672,Rural
case of NMSC in 2009,0,15-19,0.950336,Rural
pop,444535,15-19,3066274,Rural
case of NMSC in 2010,0,15-19,2.1463918,Rural
pop,608015,15-19,4000279,Rural
case of NMSC in 2011,0,15-19,4.8003348,Rural
pop,1034932,15-19,6547529,Rural
case of NMSC in 2012,1.9663708,15-19,7.2022819,Rural
pop,1188267,15-19,7435288,Rural
case of NMSC in 2013,0,15-19,8.1788168,Rural
pop,1538796,15-19,8857711,Rural
case of NMSC in 2014,0,15-19,15.0581087,Rural
pop,1667166,15-19,9582723,Rural
case of NMSC in 2015,1.0002996,15-19,14.3740845,Rural
pop,1964229,15-19,10991951,Rural
case of NMSC in 2016,3.928458,15-19,16.4879265,Rural
pop,2400144,15-19,12967812,Rural
case of NMSC in 2017,1.9201152,15-19,23.3420616,Rural
pop,2943208,15-19,16368594,Rural
case of NMSC in 2018,2.943208,15-19,34.3740474,Rural
Incident of NMSC in 2005,0,20-24,0,Rural
Incident of NMSC in 2006,0.83,20-24,0,Rural
Incident of NMSC in 2007,0,20-24,0,Rural
Incident of NMSC in 2008,0,20-24,0.1,Rural
Incident of NMSC in 2009,0,20-24,0,Rural
Incident of NMSC in 2010,0,20-24,0.25,Rural
Incident of NMSC in 2011,0,20-24,0.2,Rural
Incident of NMSC in 2012,0.19,20-24,0.14,Rural
Incident of NMSC in 2013,0,20-24,0.14,Rural
Incident of NMSC in 2014,0,20-24,0.16,Rural
Incident of NMSC in 2015,0.06,20-24,0.16,Rural
Incident of NMSC in 2016,0.2,20-24,0.15,Rural
Incident of NMSC in 2017,0.08,20-24,0.2,Rural
Incident of NMSC in 2018,0.1,20-24,0.17,Rural
Incident of NMSC in 2018,0-,20-24,20-24,Rural
pop,132064,20-24,1020487,Rural
case of NMSC in 2005,0,20-24,0,Rural
pop,120594,20-24,918813,Rural
case of NMSC in 2006,1.0009302,20-24,0,Rural
pop,149716,20-24,1111889,Rural
case of NMSC in 2007,0,20-24,0,Rural
pop,114798,20-24,968502,Rural
case of NMSC in 2008,0,20-24,0.968502,Rural
pop,235911,20-24,2151751,Rural
case of NMSC in 2009,0,20-24,0,Rural
pop,444535,20-24,3599952,Rural
case of NMSC in 2010,0,20-24,8.99988,Rural
pop,608015,20-24,4992606,Rural
case of NMSC in 2011,0,20-24,9.985212,Rural
pop,1034932,20-24,8303801,Rural
case of NMSC in 2012,1.9663708,20-24,11.6253214,Rural
pop,1188267,20-24,9284188,Rural
case of NMSC in 2013,0,20-24,12.9978632,Rural
pop,1538796,20-24,11274055,Rural
case of NMSC in 2014,0,20-24,18.038488,Rural
pop,1667166,20-24,12241633,Rural
case of NMSC in 2015,1.0002996,20-24,19.5866128,Rural
pop,1964229,20-24,13455678,Rural
case of NMSC in 2016,3.928458,20-24,20.183517,Rural
pop,2400144,20-24,15574905,Rural
case of NMSC in 2017,1.9201152,20-24,31.14981,Rural
pop,2943208,20-24,19856871,Rural
case of NMSC in 2018,2.943208,20-24,33.7566807,Rural
Incident of NMSC in 2005,0,25-29,0.17,Rural
Incident of NMSC in 2006,0.83,25-29,0.19,Rural
Incident of NMSC in 2007,0,25-29,0.16,Rural
Incident of NMSC in 2008,0,25-29,0,Rural
Incident of NMSC in 2009,0,25-29,0.04,Rural
Incident of NMSC in 2010,0,25-29,0.27,Rural
Incident of NMSC in 2011,0,25-29,0.2,Rural
Incident of NMSC in 2012,0.19,25-29,0.29,Rural
Incident of NMSC in 2013,0,25-29,0.18,Rural
Incident of NMSC in 2014,0,25-29,0.22,Rural
Incident of NMSC in 2015,0.06,25-29,0.28,Rural
Incident of NMSC in 2016,0.2,25-29,0.33,Rural
Incident of NMSC in 2017,0.08,25-29,0.28,Rural
Incident of NMSC in 2018,0.1,25-29,0.28,Rural
Incident of NMSC in 2018,0-,25-29,25-29,Rural
pop,132064,25-29,1169183,Rural
case of NMSC in 2005,0,25-29,1.9876111,Rural
pop,120594,25-29,1049050,Rural
case of NMSC in 2006,1.0009302,25-29,1.993195,Rural
pop,149716,25-29,1257645,Rural
case of NMSC in 2007,0,25-29,2.012232,Rural
pop,114798,25-29,1081644,Rural
case of NMSC in 2008,0,25-29,0,Rural
pop,235911,25-29,2226771,Rural
case of NMSC in 2009,0,25-29,0.8907084,Rural
pop,444535,25-29,3274465,Rural
case of NMSC in 2010,0,25-29,8.8410555,Rural
pop,608015,25-29,4444446,Rural
case of NMSC in 2011,0,25-29,8.888892,Rural
pop,1034932,25-29,7478474,Rural
case of NMSC in 2012,1.9663708,25-29,21.6875746,Rural
pop,1188267,25-29,8861382,Rural
case of NMSC in 2013,0,25-29,15.9504876,Rural
pop,1538796,25-29,11590288,Rural
case of NMSC in 2014,0,25-29,25.4986336,Rural
pop,1667166,25-29,13802510,Rural
case of NMSC in 2015,1.0002996,25-29,38.647028,Rural
pop,1964229,25-29,15125894,Rural
case of NMSC in 2016,3.928458,25-29,49.9154502,Rural
pop,2400144,25-29,17111848,Rural
case of NMSC in 2017,1.9201152,25-29,47.9131744,Rural
pop,2943208,25-29,21427594,Rural
case of NMSC in 2018,2.943208,25-29,59.9972632,Rural
Incident of NMSC in 2005,0,30-34,0.08,Rural
Incident of NMSC in 2006,0.83,30-34,0.08,Rural
Incident of NMSC in 2007,0,30-34,0.07,Rural
Incident of NMSC in 2008,0,30-34,0,Rural
Incident of NMSC in 2009,0,30-34,0.3,Rural
Incident of NMSC in 2010,0,30-34,0.29,Rural
Incident of NMSC in 2011,0,30-34,0.23,Rural
Incident of NMSC in 2012,0.19,30-34,0.32,Rural
Incident of NMSC in 2013,0,30-34,0.37,Rural
Incident of NMSC in 2014,0,30-34,0.3,Rural
Incident of NMSC in 2015,0.06,30-34,0.32,Rural
Incident of NMSC in 2016,0.2,30-34,0.39,Rural
Incident of NMSC in 2017,0.08,30-34,0.38,Rural
Incident of NMSC in 2018,0.1,30-34,0.39,Rural
Incident of NMSC in 2018,0-,30-34,30-34,Rural
pop,132064,30-34,1317090,Rural
case of NMSC in 2005,0,30-34,1.053672,Rural
pop,120594,30-34,1201671,Rural
case of NMSC in 2006,1.0009302,30-34,0.9613368,Rural
pop,149716,30-34,1398319,Rural
case of NMSC in 2007,0,30-34,0.9788233,Rural
pop,114798,30-34,1222148,Rural
case of NMSC in 2008,0,30-34,0,Rural
pop,235911,30-34,2360292,Rural
case of NMSC in 2009,0,30-34,7.080876,Rural
pop,444535,30-34,3434542,Rural
case of NMSC in 2010,0,30-34,9.9601718,Rural
pop,608015,30-34,4366627,Rural
case of NMSC in 2011,0,30-34,10.0432421,Rural
pop,1034932,30-34,7191826,Rural
case of NMSC in 2012,1.9663708,30-34,23.0138432,Rural
pop,1188267,30-34,8153750,Rural
case of NMSC in 2013,0,30-34,30.168875,Rural
pop,1538796,30-34,10106946,Rural
case of NMSC in 2014,0,30-34,30.320838,Rural
pop,1667166,30-34,11700927,Rural
case of NMSC in 2015,1.0002996,30-34,37.4429664,Rural
pop,1964229,30-34,12713880,Rural
case of NMSC in 2016,3.928458,30-34,49.584132,Rural
pop,2400144,30-34,15294407,Rural
case of NMSC in 2017,1.9201152,30-34,58.1187466,Rural
pop,2943208,30-34,20195142,Rural
case of NMSC in 2018,2.943208,30-34,78.7610538,Rural
Incident of NMSC in 2005,0,35-39,0.16,Rural
Incident of NMSC in 2006,0.83,35-39,0.6,Rural
Incident of NMSC in 2007,0,35-39,0.38,Rural
Incident of NMSC in 2008,0,35-39,0.47,Rural
Incident of NMSC in 2009,0,35-39,0.41,Rural
Incident of NMSC in 2010,0,35-39,0.31,Rural
Incident of NMSC in 2011,0,35-39,0.47,Rural
Incident of NMSC in 2012,0.19,35-39,0.33,Rural
Incident of NMSC in 2013,0,35-39,0.54,Rural
Incident of NMSC in 2014,0,35-39,0.54,Rural
Incident of NMSC in 2015,0.06,35-39,0.48,Rural
Incident of NMSC in 2016,0.2,35-39,0.38,Rural
Incident of NMSC in 2017,0.08,35-39,0.48,Rural
Incident of NMSC in 2018,0.1,35-39,0.53,Rural
Incident of NMSC in 2018,0-,35-39,35-39,Rural
pop,132064,35-39,1238383,Rural
case of NMSC in 2005,0,35-39,1.9814128,Rural
pop,120594,35-39,1167421,Rural
case of NMSC in 2006,1.0009302,35-39,7.004526,Rural
pop,149716,35-39,1317286,Rural
case of NMSC in 2007,0,35-39,5.0056868,Rural
pop,114798,35-39,1285827,Rural
case of NMSC in 2008,0,35-39,6.0433869,Rural
pop,235911,35-39,2452487,Rural
case of NMSC in 2009,0,35-39,10.0551967,Rural
pop,444535,35-39,3852198,Rural
case of NMSC in 2010,0,35-39,11.9418138,Rural
pop,608015,35-39,4907113,Rural
case of NMSC in 2011,0,35-39,23.0634311,Rural
pop,1034932,35-39,7893621,Rural
case of NMSC in 2012,1.9663708,35-39,26.0489493,Rural
pop,1188267,35-39,8997873,Rural
case of NMSC in 2013,0,35-39,48.5885142,Rural
pop,1538796,35-39,10922658,Rural
case of NMSC in 2014,0,35-39,58.9823532,Rural
pop,1667166,35-39,11982639,Rural
case of NMSC in 2015,1.0002996,35-39,57.5166672,Rural
pop,1964229,35-39,13733490,Rural
case of NMSC in 2016,3.928458,35-39,52.187262,Rural
pop,2400144,35-39,16360405,Rural
case of NMSC in 2017,1.9201152,35-39,78.529944,Rural
pop,2943208,35-39,20793522,Rural
case of NMSC in 2018,2.943208,35-39,110.2056666,Rural
Incident of NMSC in 2005,0,40-44,0.45,Rural
Incident of NMSC in 2006,0.83,40-44,0.67,Rural
Incident of NMSC in 2007,0,40-44,0.75,Rural
Incident of NMSC in 2008,0,40-44,0.67,Rural
Incident of NMSC in 2009,0,40-44,0.63,Rural
Incident of NMSC in 2010,0,40-44,0.74,Rural
Incident of NMSC in 2011,0,40-44,0.85,Rural
Incident of NMSC in 2012,0.19,40-44,0.76,Rural
Incident of NMSC in 2013,0,40-44,0.94,Rural
Incident of NMSC in 2014,0,40-44,0.68,Rural
Incident of NMSC in 2015,0.06,40-44,0.81,Rural
Incident of NMSC in 2016,0.2,40-44,0.75,Rural
Incident of NMSC in 2017,0.08,40-44,0.74,Rural
Incident of NMSC in 2018,0.1,40-44,0.78,Rural
Incident of NMSC in 2018,0-,40-44,40-44,Rural
pop,132064,40-44,1100602,Rural
case of NMSC in 2005,0,40-44,4.952709,Rural
pop,120594,40-44,1046486,Rural
case of NMSC in 2006,1.0009302,40-44,7.0114562,Rural
pop,149716,40-44,1197710,Rural
case of NMSC in 2007,0,40-44,8.982825,Rural
pop,114798,40-44,1193285,Rural
case of NMSC in 2008,0,40-44,7.9950095,Rural
pop,235911,40-44,2390991,Rural
case of NMSC in 2009,0,40-44,15.0632433,Rural
pop,444535,40-44,4049308,Rural
case of NMSC in 2010,0,40-44,29.9648792,Rural
pop,608015,40-44,5191348,Rural
case of NMSC in 2011,0,40-44,44.126458,Rural
pop,1034932,40-44,8902075,Rural
case of NMSC in 2012,1.9663708,40-44,67.65577,Rural
pop,1188267,40-44,10355298,Rural
case of NMSC in 2013,0,40-44,97.3398012,Rural
pop,1538796,40-44,12635523,Rural
case of NMSC in 2014,0,40-44,85.9215564,Rural
pop,1667166,40-44,14116388,Rural
case of NMSC in 2015,1.0002996,40-44,114.3427428,Rural
pop,1964229,40-44,15636104,Rural
case of NMSC in 2016,3.928458,40-44,117.27078,Rural
pop,2400144,40-44,18003058,Rural
case of NMSC in 2017,1.9201152,40-44,133.2226292,Rural
pop,2943208,40-44,22569084,Rural
case of NMSC in 2018,2.943208,40-44,176.0388552,Rural
Incident of NMSC in 2005,0,45-49,1.14,Rural
Incident of NMSC in 2006,0.83,45-49,0.72,Rural
Incident of NMSC in 2007,0,45-49,0.91,Rural
Incident of NMSC in 2008,0,45-49,1,Rural
Incident of NMSC in 2009,0,45-49,0.8,Rural
Incident of NMSC in 2010,0,45-49,1.04,Rural
Incident of NMSC in 2011,0,45-49,0.94,Rural
Incident of NMSC in 2012,0.19,45-49,1.38,Rural
Incident of NMSC in 2013,0,45-49,1.09,Rural
Incident of NMSC in 2014,0,45-49,1.13,Rural
Incident of NMSC in 2015,0.06,45-49,1.17,Rural
Incident of NMSC in 2016,0.2,45-49,1.19,Rural
Incident of NMSC in 2017,0.08,45-49,1.26,Rural
Incident of NMSC in 2018,0.1,45-49,1.28,Rural
Incident of NMSC in 2018,0-,45-49,45-49,Rural
pop,132064,45-49,1049261,Rural
case of NMSC in 2005,0,45-49,11.9615754,Rural
pop,120594,45-49,974136,Rural
case of NMSC in 2006,1.0009302,45-49,7.0137792,Rural
pop,149716,45-49,1096739,Rural
case of NMSC in 2007,0,45-49,9.9803249,Rural
pop,114798,45-49,1096844,Rural
case of NMSC in 2008,0,45-49,10.96844,Rural
pop,235911,45-49,2258525,Rural
case of NMSC in 2009,0,45-49,18.0682,Rural
pop,444535,45-49,3637595,Rural
case of NMSC in 2010,0,45-49,37.830988,Rural
pop,608015,45-49,4874353,Rural
case of NMSC in 2011,0,45-49,45.8189182,Rural
pop,1034932,45-49,8282069,Rural
case of NMSC in 2012,1.9663708,45-49,114.2925522,Rural
pop,1188267,45-49,9989740,Rural
case of NMSC in 2013,0,45-49,108.888166,Rural
pop,1538796,45-49,12619207,Rural
case of NMSC in 2014,0,45-49,142.5970391,Rural
pop,1667166,45-49,14990002,Rural
case of NMSC in 2015,1.0002996,45-49,175.3830234,Rural
pop,1964229,45-49,17024852,Rural
case of NMSC in 2016,3.928458,45-49,202.5957388,Rural
pop,2400144,45-49,20114103,Rural
case of NMSC in 2017,1.9201152,45-49,253.4376978,Rural
pop,2943208,45-49,25457691,Rural
case of NMSC in 2018,2.943208,45-49,325.8584448,Rural
Incident of NMSC in 2005,0,50-54,1.09,Rural
Incident of NMSC in 2006,0.83,50-54,2.12,Rural
Incident of NMSC in 2007,0,50-54,1.97,Rural
Incident of NMSC in 2008,0,50-54,1.42,Rural
Incident of NMSC in 2009,0,50-54,1.5,Rural
Incident of NMSC in 2010,0,50-54,1.16,Rural
Incident of NMSC in 2011,0,50-54,1.98,Rural
Incident of NMSC in 2012,0.19,50-54,1.8,Rural
Incident of NMSC in 2013,0,50-54,1.58,Rural
Incident of NMSC in 2014,0,50-54,1.65,Rural
Incident of NMSC in 2015,0.06,50-54,1.61,Rural
Incident of NMSC in 2016,0.2,50-54,1.87,Rural
Incident of NMSC in 2017,0.08,50-54,2.15,Rural
Incident of NMSC in 2018,0.1,50-54,2.39,Rural
Incident of NMSC in 2018,0-,50-54,50-54,Rural
pop,132064,50-54,916448,Rural
case of NMSC in 2005,0,50-54,9.9892832,Rural
pop,120594,50-54,850732,Rural
case of NMSC in 2006,1.0009302,50-54,18.0355184,Rural
pop,149716,50-54,963919,Rural
case of NMSC in 2007,0,50-54,18.9892043,Rural
pop,114798,50-54,986872,Rural
case of NMSC in 2008,0,50-54,14.0135824,Rural
pop,235911,50-54,1872586,Rural
case of NMSC in 2009,0,50-54,28.08879,Rural
pop,444535,50-54,3027414,Rural
case of NMSC in 2010,0,50-54,35.1180024,Rural
pop,608015,50-54,3789690,Rural
case of NMSC in 2011,0,50-54,75.035862,Rural
pop,1034932,50-54,62873713,Rural
case of NMSC in 2012,1.9663708,50-54,1131.726834,Rural
pop,1188267,50-54,7540579,Rural
case of NMSC in 2013,0,50-54,119.1411482,Rural
pop,1538796,50-54,9899517,Rural
case of NMSC in 2014,0,50-54,163.3420305,Rural
pop,1667166,50-54,12207660,Rural
case of NMSC in 2015,1.0002996,50-54,196.543326,Rural
pop,1964229,50-54,14101498,Rural
case of NMSC in 2016,3.928458,50-54,263.6980126,Rural
pop,2400144,50-54,16567881,Rural
case of NMSC in 2017,1.9201152,50-54,356.2094415,Rural
pop,2943208,50-54,21589480,Rural
case of NMSC in 2018,2.943208,50-54,515.988572,Rural
Incident of NMSC in 2005,0,55-59,2.39,Rural
Incident of NMSC in 2006,0.83,55-59,3.81,Rural
Incident of NMSC in 2007,0,55-59,1.65,Rural
Incident of NMSC in 2008,0,55-59,2.13,Rural
Incident of NMSC in 2009,0,55-59,1.85,Rural
Incident of NMSC in 2010,0,55-59,2.87,Rural
Incident of NMSC in 2011,0,55-59,2.62,Rural
Incident of NMSC in 2012,0.19,55-59,2.96,Rural
Incident of NMSC in 2013,0,55-59,2.64,Rural
Incident of NMSC in 2014,0,55-59,2.86,Rural
Incident of NMSC in 2015,0.06,55-59,2.45,Rural
Incident of NMSC in 2016,0.2,55-59,2.43,Rural
Incident of NMSC in 2017,0.08,55-59,1.99,Rural
Incident of NMSC in 2018,0.1,55-59,2.61,Rural
Incident of NMSC in 2018,0-,55-59,55-59,Rural
pop,132064,55-59,670409,Rural
case of NMSC in 2005,0,55-59,16.0227751,Rural
pop,120594,55-59,604325,Rural
case of NMSC in 2006,1.0009302,55-59,23.0247825,Rural
pop,149716,55-59,727851,Rural
case of NMSC in 2007,0,55-59,12.0095415,Rural
pop,114798,55-59,752264,Rural
case of NMSC in 2008,0,55-59,16.0232232,Rural
pop,235911,55-59,1618375,Rural
case of NMSC in 2009,0,55-59,29.9399375,Rural
pop,444535,55-59,2720182,Rural
case of NMSC in 2010,0,55-59,78.0692234,Rural
pop,608015,55-59,3620031,Rural
case of NMSC in 2011,0,55-59,94.8448122,Rural
pop,1034932,55-59,6326693,Rural
case of NMSC in 2012,1.9663708,55-59,187.2701128,Rural
pop,1188267,55-59,7503803,Rural
case of NMSC in 2013,0,55-59,198.1003992,Rural
pop,1538796,55-59,9246781,Rural
case of NMSC in 2014,0,55-59,264.4579366,Rural
pop,1667166,55-59,10238321,Rural
case of NMSC in 2015,1.0002996,55-59,250.8388645,Rural
pop,1964229,55-59,11412352,Rural
case of NMSC in 2016,3.928458,55-59,277.3201536,Rural
pop,2400144,55-59,13426938,Rural
case of NMSC in 2017,1.9201152,55-59,267.1960662,Rural
pop,2943208,55-59,17906629,Rural
case of NMSC in 2018,2.943208,55-59,467.3630169,Rural
Incident of NMSC in 2005,0,60-64,4.72,Rural
Incident of NMSC in 2006,0.83,60-64,4.02,Rural
Incident of NMSC in 2007,0,60-64,3.43,Rural
Incident of NMSC in 2008,0,60-64,3.01,Rural
Incident of NMSC in 2009,0,60-64,3.31,Rural
Incident of NMSC in 2010,0,60-64,4.27,Rural
Incident of NMSC in 2011,0,60-64,4.1,Rural
Incident of NMSC in 2012,0.19,60-64,4.68,Rural
Incident of NMSC in 2013,0,60-64,3.8,Rural
Incident of NMSC in 2014,0,60-64,4.1,Rural
Incident of NMSC in 2015,0.06,60-64,3.94,Rural
Incident of NMSC in 2016,0.2,60-64,4.387,Rural
Incident of NMSC in 2017,0.08,60-64,4.41,Rural
Incident of NMSC in 2018,0.1,60-64,4.69,Rural
Incident of NMSC in 2018,0-,60-64,60-64,Rural
pop,132064,60-64,529704,Rural
case of NMSC in 2005,0,60-64,25.0020288,Rural
pop,120594,60-64,472689,Rural
case of NMSC in 2006,1.0009302,60-64,19.0020978,Rural
pop,149716,60-64,583404,Rural
case of NMSC in 2007,0,60-64,20.0107572,Rural
pop,114798,60-64,598332,Rural
case of NMSC in 2008,0,60-64,18.0097932,Rural
pop,235911,60-64,1239393,Rural
case of NMSC in 2009,0,60-64,41.0239083,Rural
pop,444535,60-64,2038451,Rural
case of NMSC in 2010,0,60-64,87.0418577,Rural
pop,608015,60-64,2657199,Rural
case of NMSC in 2011,0,60-64,108.945159,Rural
pop,1034932,60-64,4731770,Rural
case of NMSC in 2012,1.9663708,60-64,221.446836,Rural
pop,1188267,60-64,5871692,Rural
case of NMSC in 2013,0,60-64,223.124296,Rural
pop,1538796,60-64,7731458,Rural
case of NMSC in 2014,0,60-64,316.989778,Rural
pop,1667166,60-64,9372558,Rural
case of NMSC in 2015,1.0002996,60-64,369.2787852,Rural
pop,1964229,60-64,10908461,Rural
case of NMSC in 2016,3.928458,60-64,478.55418407,Rural
pop,2400144,60-64,12863108,Rural
case of NMSC in 2017,1.9201152,60-64,567.2630628,Rural
pop,2943208,60-64,16512256,Rural
case of NMSC in 2018,2.943208,60-64,774.4248064,Rural
Incident of NMSC in 2005,0,65-69,5.52,Rural
Incident of NMSC in 2006,0.83,65-69,6.47,Rural
Incident of NMSC in 2007,0,65-69,4.81,Rural
Incident of NMSC in 2008,0,65-69,3.53,Rural
Incident of NMSC in 2009,0,65-69,5.17,Rural
Incident of NMSC in 2010,0,65-69,4.92,Rural
Incident of NMSC in 2011,0,65-69,6.44,Rural
Incident of NMSC in 2012,0.19,65-69,6.05,Rural
Incident of NMSC in 2013,0,65-69,5.27,Rural
Incident of NMSC in 2014,0,65-69,5.91,Rural
Incident of NMSC in 2015,0.06,65-69,5.82,Rural
Incident of NMSC in 2016,0.2,65-69,6.09,Rural
Incident of NMSC in 2017,0.08,65-69,6.12,Rural
Incident of NMSC in 2018,0.1,65-69,7.26,Rural
Incident of NMSC in 2018,0-,65-69,65-69,Rural
pop,132064,65-69,470858,Rural
case of NMSC in 2005,0,65-69,25.9913616,Rural
pop,120594,65-69,417488,Rural
case of NMSC in 2006,1.0009302,65-69,27.0114736,Rural
pop,149716,65-69,499443,Rural
case of NMSC in 2007,0,65-69,24.0232083,Rural
pop,114798,65-69,482261,Rural
case of NMSC in 2008,0,65-69,17.0238133,Rural
pop,235911,65-69,986179,Rural
case of NMSC in 2009,0,65-69,50.9854543,Rural
pop,444535,65-69,1525731,Rural
case of NMSC in 2010,0,65-69,75.0659652,Rural
pop,608015,65-69,2019405,Rural
case of NMSC in 2011,0,65-69,130.049682,Rural
pop,1034932,65-69,3437434,Rural
case of NMSC in 2012,1.9663708,65-69,207.964757,Rural
pop,1188267,65-69,4195278,Rural
case of NMSC in 2013,0,65-69,221.0911506,Rural
pop,1538796,65-69,5482998,Rural
case of NMSC in 2014,0,65-69,324.0451818,Rural
pop,1667166,65-69,6697434,Rural
case of NMSC in 2015,1.0002996,65-69,389.7906588,Rural
pop,1964229,65-69,8010624,Rural
case of NMSC in 2016,3.928458,65-69,487.8470016,Rural
pop,2400144,65-69,9745162,Rural
case of NMSC in 2017,1.9201152,65-69,596.4039144,Rural
pop,2943208,65-69,13084071,Rural
case of NMSC in 2018,2.943208,65-69,949.9035546,Rural
Incident of NMSC in 2005,0,70-74,11.01,Rural
Incident of NMSC in 2006,0.83,70-74,11.54,Rural
Incident of NMSC in 2007,0,70-74,8.69,Rural
Incident of NMSC in 2008,0,70-74,11.91,Rural
Incident of NMSC in 2009,0,70-74,8.3,Rural
Incident of NMSC in 2010,0,70-74,6.38,Rural
Incident of NMSC in 2011,0,70-74,7.46,Rural
Incident of NMSC in 2012,0.19,70-74,6.94,Rural
Incident of NMSC in 2013,0,70-74,7,Rural
Incident of NMSC in 2014,0,70-74,8.35,Rural
Incident of NMSC in 2015,0.06,70-74,8.34,Rural
Incident of NMSC in 2016,0.2,70-74,8.94,Rural
Incident of NMSC in 2017,0.08,70-74,9.32,Rural
Incident of NMSC in 2018,0.1,70-74,11.35,Rural
Incident of NMSC in 2018,0-,70-74,70-74,Rural
pop,132064,70-74,363413,Rural
case of NMSC in 2005,0,70-74,40.0117713,Rural
pop,120594,70-74,329336,Rural
case of NMSC in 2006,1.0009302,70-74,38.0053744,Rural
pop,149716,70-74,379600,Rural
case of NMSC in 2007,0,70-74,32.98724,Rural
pop,114798,70-74,394543,Rural
case of NMSC in 2008,0,70-74,46.9900713,Rural
pop,235911,70-74,770750,Rural
case of NMSC in 2009,0,70-74,63.97225,Rural
pop,444535,70-74,1222795,Rural
case of NMSC in 2010,0,70-74,78.014321,Rural
pop,608015,70-74,1541894,Rural
case of NMSC in 2011,0,70-74,115.0252924,Rural
pop,1034932,70-74,2621343,Rural
case of NMSC in 2012,1.9663708,70-74,181.9212042,Rural
pop,1188267,70-74,3130066,Rural
case of NMSC in 2013,0,70-74,219.10462,Rural
pop,1538796,70-74,3966411,Rural
case of NMSC in 2014,0,70-74,331.1953185,Rural
pop,1667166,70-74,4893849,Rural
case of NMSC in 2015,1.0002996,70-74,408.1470066,Rural
pop,1964229,70-74,5628988,Rural
case of NMSC in 2016,3.928458,70-74,503.2315272,Rural
pop,2400144,70-74,6885652,Rural
case of NMSC in 2017,1.9201152,70-74,641.7427664,Rural
pop,2943208,70-74,9093269,Rural
case of NMSC in 2018,2.943208,70-74,1032.0860315,Rural
Incident of NMSC in 2005,0,75-79,16.09,Rural
Incident of NMSC in 2006,0.83,75-79,16.88,Rural
Incident of NMSC in 2007,0,75-79,12.29,Rural
Incident of NMSC in 2008,0,75-79,14.61,Rural
Incident of NMSC in 2009,0,75-79,12.87,Rural
Incident of NMSC in 2010,0,75-79,11.96,Rural
Incident of NMSC in 2011,0,75-79,12.44,Rural
Incident of NMSC in 2012,0.19,75-79,12.04,Rural
Incident of NMSC in 2013,0,75-79,12.25,Rural
Incident of NMSC in 2014,0,75-79,11.58,Rural
Incident of NMSC in 2015,0.06,75-79,13.03,Rural
Incident of NMSC in 2016,0.2,75-79,13.27,Rural
Incident of NMSC in 2017,0.08,75-79,12.88,Rural
Incident of NMSC in 2018,0.1,75-79,14.73,Rural
Incident of NMSC in 2018,0-,75-79,75-79,Rural
pop,132064,75-79,248541,Rural
case of NMSC in 2005,0,75-79,39.9902469,Rural
pop,120594,75-79,225061,Rural
case of NMSC in 2006,1.0009302,75-79,37.9902968,Rural
pop,149716,75-79,260467,Rural
case of NMSC in 2007,0,75-79,32.0113943,Rural
pop,114798,75-79,273871,Rural
case of NMSC in 2008,0,75-79,40.0125531,Rural
pop,235911,75-79,551789,Rural
case of NMSC in 2009,0,75-79,71.0152443,Rural
pop,444535,75-79,902954,Rural
case of NMSC in 2010,0,75-79,107.9932984,Rural
pop,608015,75-79,1157496,Rural
case of NMSC in 2011,0,75-79,143.9925024,Rural
pop,1034932,75-79,2001853,Rural
case of NMSC in 2012,1.9663708,75-79,241.0231012,Rural
pop,1188267,75-79,2392336,Rural
case of NMSC in 2013,0,75-79,293.06116,Rural
pop,1538796,75-79,3039135,Rural
case of NMSC in 2014,0,75-79,351.931833,Rural
pop,1667166,75-79,3576332,Rural
case of NMSC in 2015,1.0002996,75-79,465.9960596,Rural
pop,1964229,75-79,4107122,Rural
case of NMSC in 2016,3.928458,75-79,545.0150894,Rural
pop,2400144,75-79,4931043,Rural
case of NMSC in 2017,1.9201152,75-79,635.1183384,Rural
pop,2943208,75-79,6441759,Rural
case of NMSC in 2018,2.943208,75-79,948.8711007,Rural
Incident of NMSC in 2005,0,80-84,9.29,Rural
Incident of NMSC in 2006,0.83,80-84,23.35,Rural
Incident of NMSC in 2007,0,80-84,23.25,Rural
Incident of NMSC in 2008,0,80-84,18.95,Rural
Incident of NMSC in 2009,0,80-84,16.36,Rural
Incident of NMSC in 2010,0,80-84,16.76,Rural
Incident of NMSC in 2011,0,80-84,21.83,Rural
Incident of NMSC in 2012,0.19,80-84,16.54,Rural
Incident of NMSC in 2013,0,80-84,17.68,Rural
Incident of NMSC in 2014,0,80-84,19.96,Rural
Incident of NMSC in 2015,0.06,80-84,18.67,Rural
Incident of NMSC in 2016,0.2,80-84,19.18,Rural
Incident of NMSC in 2017,0.08,80-84,20.27,Rural
Incident of NMSC in 2018,0.1,80-84,22.64,Rural
Incident of NMSC in 2018,0-,80-84,80-84,Rural
pop,132064,80-84,139977,Rural
case of NMSC in 2005,0,80-84,13.0038633,Rural
pop,120594,80-84,124208,Rural
case of NMSC in 2006,1.0009302,80-84,29.002568,Rural
pop,149716,80-84,150541,Rural
case of NMSC in 2007,0,80-84,35.0007825,Rural
pop,114798,80-84,158295,Rural
case of NMSC in 2008,0,80-84,29.9969025,Rural
pop,235911,80-84,317780,Rural
case of NMSC in 2009,0,80-84,51.988808,Rural
pop,444535,80-84,519153,Rural
case of NMSC in 2010,0,80-84,87.0100428,Rural
pop,608015,80-84,659694,Rural
case of NMSC in 2011,0,80-84,144.0112002,Rural
pop,1034932,80-84,1154707,Rural
case of NMSC in 2012,1.9663708,80-84,190.9885378,Rural
pop,1188267,80-84,1402448,Rural
case of NMSC in 2013,0,80-84,247.9528064,Rural
pop,1538796,80-84,1863914,Rural
case of NMSC in 2014,0,80-84,372.0372344,Rural
pop,1667166,80-84,2260705,Rural
case of NMSC in 2015,1.0002996,80-84,422.0736235,Rural
pop,1964229,80-84,2663639,Rural
case of NMSC in 2016,3.928458,80-84,510.8859602,Rural
pop,2400144,80-84,3172195,Rural
case of NMSC in 2017,1.9201152,80-84,643.0039265,Rural
pop,2943208,80-84,4196495,Rural
case of NMSC in 2018,2.943208,80-84,950.086468,Rural
Incident of NMSC in 2005,0,85+,21.27,Rural
Incident of NMSC in 2006,0.83,85+,37.55,Rural
Incident of NMSC in 2007,0,85+,33.7,Rural
Incident of NMSC in 2008,0,85+,30.94,Rural
Incident of NMSC in 2009,0,85+,26.24,Rural
Incident of NMSC in 2010,0,85+,22.7,Rural
Incident of NMSC in 2011,0,85+,25.23,Rural
Incident of NMSC in 2012,0.19,85+,26.55,Rural
Incident of NMSC in 2013,0,85+,25.95,Rural
Incident of NMSC in 2014,0,85+,26.73,Rural
Incident of NMSC in 2015,0.06,85+,25.79,Rural
Incident of NMSC in 2016,0.2,85+,26.82,Rural
Incident of NMSC in 2017,0.08,85+,29.37,Rural
Incident of NMSC in 2018,0.1,85+,33.26,Rural
Incident of NMSC in 2018,0-,85+,85+,Rural
pop,132064,85+,79927,Rural
case of NMSC in 2005,0,85+,17.0004729,Rural
pop,120594,85+,74567,Rural
case of NMSC in 2006,1.0009302,85+,27.9999085,Rural
pop,149716,85+,86044,Rural
case of NMSC in 2007,0,85+,28.996828,Rural
pop,114798,85+,96947,Rural
case of NMSC in 2008,0,85+,29.9954018,Rural
pop,235911,85+,186750,Rural
case of NMSC in 2009,0,85+,49.0032,Rural
pop,444535,85+,295106,Rural
case of NMSC in 2010,0,85+,66.989062,Rural
pop,608015,85+,376546,Rural
case of NMSC in 2011,0,85+,95.0025558,Rural
pop,1034932,85+,655418,Rural
case of NMSC in 2012,1.9663708,85+,174.013479,Rural
pop,1188267,85+,836142,Rural
case of NMSC in 2013,0,85+,216.978849,Rural
pop,1538796,85+,1148696,Rural
case of NMSC in 2014,0,85+,307.0464408,Rural
pop,1667166,85+,1527925,Rural
case of NMSC in 2015,1.0002996,85+,394.0518575,Rural
pop,1964229,85+,1759926,Rural
case of NMSC in 2016,3.928458,85+,472.0121532,Rural
pop,2400144,85+,2060169,Rural
case of NMSC in 2017,1.9201152,85+,605.0716353,Rural
pop,2943208,85+,2826565,Rural
case of NMSC in 2018,2.943208,85+,940.115519,Rural
